patient_id,age,sex,stage,mutation,type,cluster,sample_id
TCGA-DJ-A2Q6,38,female,Stade,BRAF,PTC,0,ID=TCGA-DJ-A2Q6_AGE=38ANS_SEX=female_STAGE=Stade_I_MUT=BRAF_TYPE=PTC
TCGA-FK-A3SE,31,female,Stade,NO,PTC,0,ID=TCGA-FK-A3SE_AGE=31ANS_SEX=female_STAGE=Stade_I_MUT=NO_CANONICAL_DRIVER_TYPE=PTC
TCGA-DJ-A2QA,56,female,Stade,BRAF,PTC,0,ID=TCGA-DJ-A2QA_AGE=56ANS_SEX=female_STAGE=Stade_III_MUT=BRAF_TYPE=PTC
TCGA-FY-A2QD,61,female,Stage,NO,PTC,1,ID=TCGA-FY-A2QD_AGE=61ANS_SEX=female_STAGE=Stage_NA_MUT=NO_CANONICAL_DRIVER_TYPE=PTC
TCGA-EL-A3GR,31,female,Stade,BRAF,PTC,0,ID=TCGA-EL-A3GR_AGE=31ANS_SEX=female_STAGE=Stade_I_MUT=BRAF_TYPE=PTC
TCGA-EL-A3T7,47,female,Stade,BRAF,PTC,0,ID=TCGA-EL-A3T7_AGE=47ANS_SEX=female_STAGE=Stade_II_MUT=BRAF_TYPE=PTC
TCGA-FE-A230,30,female,Stage,BRAF,PTC,0,ID=TCGA-FE-A230_AGE=30ANS_SEX=female_STAGE=Stage_NA_MUT=BRAF_TYPE=PTC
TCGA-EM-A3FO,40,male,Stade,BRAF,PTC,0,ID=TCGA-EM-A3FO_AGE=40ANS_SEX=male_STAGE=Stade_I_MUT=BRAF_TYPE=PTC
TCGA-DJ-A3VB,52,male,Stade,BRAF,PTC,0,ID=TCGA-DJ-A3VB_AGE=52ANS_SEX=male_STAGE=Stade_III_MUT=BRAF_TYPE=PTC
TCGA-BJ-A28X,32,female,Stade,BRAF,PTC,0,ID=TCGA-BJ-A28X_AGE=32ANS_SEX=female_STAGE=Stade_I_MUT=BRAF_TYPE=PTC
TCGA-DJ-A2QB,53,female,Stade,RAS,PTC,1,ID=TCGA-DJ-A2QB_AGE=53ANS_SEX=female_STAGE=Stade_IV_MUT=RAS_TYPE=PTC
TCGA-DO-A1K0,30,female,Stade,BRAF,PTC,0,ID=TCGA-DO-A1K0_AGE=30ANS_SEX=female_STAGE=Stade_I_MUT=BRAF_TYPE=PTC
TCGA-EL-A4KD,41,male,Stade,NO,PTC,0,ID=TCGA-EL-A4KD_AGE=41ANS_SEX=male_STAGE=Stade_I_MUT=NO_CANONICAL_DRIVER_TYPE=PTC
TCGA-L6-A4EU,58,female,Stade,BRAF,PTC,0,ID=TCGA-L6-A4EU_AGE=58ANS_SEX=female_STAGE=Stade_III_MUT=BRAF_TYPE=PTC
TCGA-DJ-A3V0,56,male,Stade,NO,PTC,0,ID=TCGA-DJ-A3V0_AGE=56ANS_SEX=male_STAGE=Stade_IV_MUT=NO_CANONICAL_DRIVER_TYPE=PTC
TCGA-EM-A2P2,46,male,Stade,NO,PTC,0,ID=TCGA-EM-A2P2_AGE=46ANS_SEX=male_STAGE=Stade_III_MUT=NO_CANONICAL_DRIVER_TYPE=PTC
TCGA-BJ-A45G,48,female,Stade,RAS,PTC,1,ID=TCGA-BJ-A45G_AGE=48ANS_SEX=female_STAGE=Stade_III_MUT=RAS_TYPE=PTC
TCGA-FY-A3R7,50,female,Stade,BRAF,PTC,0,ID=TCGA-FY-A3R7_AGE=50ANS_SEX=female_STAGE=Stade_III_MUT=BRAF_TYPE=PTC
TCGA-DJ-A3VG,40,male,Stade,NO,PTC,1,ID=TCGA-DJ-A3VG_AGE=40ANS_SEX=male_STAGE=Stade_I_MUT=NO_CANONICAL_DRIVER_TYPE=PTC
TCGA-ET-A25O,35,female,Stade,BRAF,PTC,0,ID=TCGA-ET-A25O_AGE=35ANS_SEX=female_STAGE=Stade_I_MUT=BRAF_TYPE=PTC
TCGA-DJ-A3UR,51,female,Stade,BRAF,PTC,0,ID=TCGA-DJ-A3UR_AGE=51ANS_SEX=female_STAGE=Stade_III_MUT=BRAF_TYPE=PTC
TCGA-E8-A415,39,female,Stade,BRAF,PTC,0,ID=TCGA-E8-A415_AGE=39ANS_SEX=female_STAGE=Stade_I_MUT=BRAF_TYPE=PTC
TCGA-DJ-A4UR,36,female,Stade,NO,PTC,1,ID=TCGA-DJ-A4UR_AGE=36ANS_SEX=female_STAGE=Stade_II_MUT=NO_CANONICAL_DRIVER_TYPE=PTC
TCGA-BJ-A45I,51,female,Stade,BRAF,PTC,0,ID=TCGA-BJ-A45I_AGE=51ANS_SEX=female_STAGE=Stade_III_MUT=BRAF_TYPE=PTC
TCGA-ET-A40S,62,male,Stade,NO,PTC,0,ID=TCGA-ET-A40S_AGE=62ANS_SEX=male_STAGE=Stade_II_MUT=NO_CANONICAL_DRIVER_TYPE=PTC
TCGA-EL-A3CZ,37,female,Stage,RAS,PTC,1,ID=TCGA-EL-A3CZ_AGE=37ANS_SEX=female_STAGE=Stage_NA_MUT=RAS_TYPE=PTC
TCGA-EM-A2P3,47,female,Stade,BRAF,PTC,0,ID=TCGA-EM-A2P3_AGE=47ANS_SEX=female_STAGE=Stade_I_MUT=BRAF_TYPE=PTC
TCGA-BJ-A2N7,30,female,Stade,RAS,PTC,0,ID=TCGA-BJ-A2N7_AGE=30ANS_SEX=female_STAGE=Stade_I_MUT=RAS_TYPE=PTC
TCGA-EL-A3GW,37,female,Stade,RAS,PTC,0,ID=TCGA-EL-A3GW_AGE=37ANS_SEX=female_STAGE=Stade_I_MUT=RAS_TYPE=PTC
TCGA-DJ-A13P,52,female,Stade,BRAF,PTC,0,ID=TCGA-DJ-A13P_AGE=52ANS_SEX=female_STAGE=Stade_II_MUT=BRAF_TYPE=PTC
TCGA-ET-A39O,39,male,Stade,BRAF,PTC,0,ID=TCGA-ET-A39O_AGE=39ANS_SEX=male_STAGE=Stade_I_MUT=BRAF_TYPE=PTC
TCGA-IM-A3ED,58,female,Stade,BRAF,PTC,0,ID=TCGA-IM-A3ED_AGE=58ANS_SEX=female_STAGE=Stade_I_MUT=BRAF_TYPE=PTC
TCGA-ET-A39L,20,female,Stade,NO,PTC,0,ID=TCGA-ET-A39L_AGE=20ANS_SEX=female_STAGE=Stade_I_MUT=NO_CANONICAL_DRIVER_TYPE=PTC
TCGA-FY-A3YR,64,female,Stade,NO,PTC,0,ID=TCGA-FY-A3YR_AGE=64ANS_SEX=female_STAGE=Stade_III_MUT=NO_CANONICAL_DRIVER_TYPE=PTC
TCGA-KS-A4IB,41,female,Stade,BRAF,PTC,0,ID=TCGA-KS-A4IB_AGE=41ANS_SEX=female_STAGE=Stade_I_MUT=BRAF_TYPE=PTC
TCGA-EM-A3ST,62,female,Stade,NO,PTC,1,ID=TCGA-EM-A3ST_AGE=62ANS_SEX=female_STAGE=Stade_III_MUT=NO_CANONICAL_DRIVER_TYPE=PTC
TCGA-E8-A413,38,female,Stade,BRAF,PTC,0,ID=TCGA-E8-A413_AGE=38ANS_SEX=female_STAGE=Stade_I_MUT=BRAF_TYPE=PTC
TCGA-EL-A3TA,42,male,Stade,BRAF,PTC,0,ID=TCGA-EL-A3TA_AGE=42ANS_SEX=male_STAGE=Stade_I_MUT=BRAF_TYPE=PTC
TCGA-DJ-A2PW,65,male,Stade,BRAF,PTC,0,ID=TCGA-DJ-A2PW_AGE=65ANS_SEX=male_STAGE=Stade_III_MUT=BRAF_TYPE=PTC
TCGA-DJ-A2PO,54,male,Stade,NO,PTC,0,ID=TCGA-DJ-A2PO_AGE=54ANS_SEX=male_STAGE=Stade_I_MUT=NO_CANONICAL_DRIVER_TYPE=PTC
TCGA-ET-A3BT,60,female,Stage,BRAF,PTC,0,ID=TCGA-ET-A3BT_AGE=60ANS_SEX=female_STAGE=Stage_NA_MUT=BRAF_TYPE=PTC
TCGA-EM-A2CJ,49,female,Stade,NO,PTC,1,ID=TCGA-EM-A2CJ_AGE=49ANS_SEX=female_STAGE=Stade_I_MUT=NO_CANONICAL_DRIVER_TYPE=PTC
TCGA-DJ-A3VD,32,female,Stade,NO,PTC,0,ID=TCGA-DJ-A3VD_AGE=32ANS_SEX=female_STAGE=Stade_I_MUT=NO_CANONICAL_DRIVER_TYPE=PTC
TCGA-DJ-A1QE,61,female,Stade,BRAF,PTC,0,ID=TCGA-DJ-A1QE_AGE=61ANS_SEX=female_STAGE=Stade_III_MUT=BRAF_TYPE=PTC
TCGA-BJ-A0ZB,66,male,Stade,BRAF,PTC,0,ID=TCGA-BJ-A0ZB_AGE=66ANS_SEX=male_STAGE=Stade_IV_MUT=BRAF_TYPE=PTC
TCGA-IM-A3U3,55,female,Stade,BRAF,PTC,0,ID=TCGA-IM-A3U3_AGE=55ANS_SEX=female_STAGE=Stade_I_MUT=BRAF_TYPE=PTC
TCGA-BJ-A45F,59,female,Stade,RAS,PTC,1,ID=TCGA-BJ-A45F_AGE=59ANS_SEX=female_STAGE=Stade_I_MUT=RAS_TYPE=PTC
TCGA-EL-A4KG,35,female,Stade,BRAF,PTC,0,ID=TCGA-EL-A4KG_AGE=35ANS_SEX=female_STAGE=Stade_I_MUT=BRAF_TYPE=PTC
TCGA-ET-A39S,27,female,Stade,BRAF,PTC,0,ID=TCGA-ET-A39S_AGE=27ANS_SEX=female_STAGE=Stade_I_MUT=BRAF_TYPE=PTC
TCGA-E8-A436,53,female,Stade,BRAF,PTC,0,ID=TCGA-E8-A436_AGE=53ANS_SEX=female_STAGE=Stade_IV_MUT=BRAF_TYPE=PTC
TCGA-EM-A22K,46,female,Stade,RAS,PTC,1,ID=TCGA-EM-A22K_AGE=46ANS_SEX=female_STAGE=Stade_IV_MUT=RAS_TYPE=PTC
TCGA-E3-A3DY,37,male,Stade,BRAF,PTC,0,ID=TCGA-E3-A3DY_AGE=37ANS_SEX=male_STAGE=Stade_I_MUT=BRAF_TYPE=PTC
TCGA-KS-A4I7,61,female,Stade,NO,PTC,0,ID=TCGA-KS-A4I7_AGE=61ANS_SEX=female_STAGE=Stade_I_MUT=NO_CANONICAL_DRIVER_TYPE=PTC
TCGA-4C-A93U,74,female,Stade,NO,PTC,0,ID=TCGA-4C-A93U_AGE=74ANS_SEX=female_STAGE=Stade_IV_MUT=NO_CANONICAL_DRIVER_TYPE=PTC
TCGA-ET-A25G,56,female,Stade,BRAF,PTC,0,ID=TCGA-ET-A25G_AGE=56ANS_SEX=female_STAGE=Stade_III_MUT=BRAF_TYPE=PTC
TCGA-EL-A3H4,46,female,Stade,BRAF,PTC,0,ID=TCGA-EL-A3H4_AGE=46ANS_SEX=female_STAGE=Stade_IV_MUT=BRAF_TYPE=PTC
TCGA-EL-A3ZL,34,female,Stade,NO,PTC,1,ID=TCGA-EL-A3ZL_AGE=34ANS_SEX=female_STAGE=Stade_I_MUT=NO_CANONICAL_DRIVER_TYPE=PTC
TCGA-DJ-A3VE,50,male,Stade,BRAF,PTC,0,ID=TCGA-DJ-A3VE_AGE=50ANS_SEX=male_STAGE=Stade_I_MUT=BRAF_TYPE=PTC
TCGA-DJ-A1QL,70,male,Stade,NO,PTC,1,ID=TCGA-DJ-A1QL_AGE=70ANS_SEX=male_STAGE=Stade_II_MUT=NO_CANONICAL_DRIVER_TYPE=PTC
TCGA-FE-A234,26,female,Stage,BRAF,PTC,0,ID=TCGA-FE-A234_AGE=26ANS_SEX=female_STAGE=Stage_NA_MUT=BRAF_TYPE=PTC
TCGA-H2-A26U,54,female,Stade,BRAF,PTC,0,ID=TCGA-H2-A26U_AGE=54ANS_SEX=female_STAGE=Stade_III_MUT=BRAF_TYPE=PTC
TCGA-EM-A1CS,55,female,Stade,NO,PTC,0,ID=TCGA-EM-A1CS_AGE=55ANS_SEX=female_STAGE=Stade_I_MUT=NO_CANONICAL_DRIVER_TYPE=PTC
TCGA-CE-A484,37,female,Stade,NO,PTC,1,ID=TCGA-CE-A484_AGE=37ANS_SEX=female_STAGE=Stade_I_MUT=NO_CANONICAL_DRIVER_TYPE=PTC
TCGA-ET-A39M,34,male,Stade,BRAF,PTC,0,ID=TCGA-ET-A39M_AGE=34ANS_SEX=male_STAGE=Stade_I_MUT=BRAF_TYPE=PTC
TCGA-BJ-A2P4,29,female,Stade,RAS,PTC,1,ID=TCGA-BJ-A2P4_AGE=29ANS_SEX=female_STAGE=Stade_I_MUT=RAS_TYPE=PTC
TCGA-ET-A2MY,72,female,Stade,BRAF,PTC,0,ID=TCGA-ET-A2MY_AGE=72ANS_SEX=female_STAGE=Stade_I_MUT=BRAF_TYPE=PTC
TCGA-EL-A3ZP,19,male,Stade,NO,PTC,0,ID=TCGA-EL-A3ZP_AGE=19ANS_SEX=male_STAGE=Stade_I_MUT=NO_CANONICAL_DRIVER_TYPE=PTC
TCGA-E8-A418,75,female,Stade,BRAF,PTC,0,ID=TCGA-E8-A418_AGE=75ANS_SEX=female_STAGE=Stade_IV_MUT=BRAF_TYPE=PTC
TCGA-DJ-A2Q4,53,male,Stade,BRAF,PTC,0,ID=TCGA-DJ-A2Q4_AGE=53ANS_SEX=male_STAGE=Stade_III_MUT=BRAF_TYPE=PTC
TCGA-EL-A3MW,55,female,Stade,BRAF,PTC,0,ID=TCGA-EL-A3MW_AGE=55ANS_SEX=female_STAGE=Stade_II_MUT=BRAF_TYPE=PTC
TCGA-BJ-A0YZ,65,male,Stade,NO,PTC,1,ID=TCGA-BJ-A0YZ_AGE=65ANS_SEX=male_STAGE=Stade_II_MUT=NO_CANONICAL_DRIVER_TYPE=PTC
TCGA-E8-A2JQ,18,female,Stade,NO,PTC,0,ID=TCGA-E8-A2JQ_AGE=18ANS_SEX=female_STAGE=Stade_I_MUT=NO_CANONICAL_DRIVER_TYPE=PTC
TCGA-FY-A3NM,48,female,Stade,NO,PTC,1,ID=TCGA-FY-A3NM_AGE=48ANS_SEX=female_STAGE=Stade_III_MUT=NO_CANONICAL_DRIVER_TYPE=PTC
TCGA-EM-A4FN,49,female,Stade,NO,PTC,0,ID=TCGA-EM-A4FN_AGE=49ANS_SEX=female_STAGE=Stade_IV_MUT=NO_CANONICAL_DRIVER_TYPE=PTC
TCGA-EL-A3H7,36,female,Stade,BRAF,PTC,0,ID=TCGA-EL-A3H7_AGE=36ANS_SEX=female_STAGE=Stade_I_MUT=BRAF_TYPE=PTC
TCGA-DJ-A1QF,61,female,Stade,BRAF,PTC,0,ID=TCGA-DJ-A1QF_AGE=61ANS_SEX=female_STAGE=Stade_II_MUT=BRAF_TYPE=PTC
TCGA-BJ-A2NA,77,male,Stade,BRAF,PTC,0,ID=TCGA-BJ-A2NA_AGE=77ANS_SEX=male_STAGE=Stade_III_MUT=BRAF_TYPE=PTC
TCGA-BJ-A3PR,69,female,Stade,BRAF,PTC,0,ID=TCGA-BJ-A3PR_AGE=69ANS_SEX=female_STAGE=Stade_I_MUT=BRAF_TYPE=PTC
TCGA-KS-A4I3,41,male,Stade,NO,PTC,0,ID=TCGA-KS-A4I3_AGE=41ANS_SEX=male_STAGE=Stade_I_MUT=NO_CANONICAL_DRIVER_TYPE=PTC
TCGA-DJ-A2PY,46,female,Stade,BRAF,PTC,0,ID=TCGA-DJ-A2PY_AGE=46ANS_SEX=female_STAGE=Stade_III_MUT=BRAF_TYPE=PTC
TCGA-EL-A3CO,88,male,Stade,EIF1AX,PTC,0,ID=TCGA-EL-A3CO_AGE=88ANS_SEX=male_STAGE=Stade_III_MUT=EIF1AX_TYPE=PTC
TCGA-EL-A4K2,43,female,Stade,RAS,PTC,1,ID=TCGA-EL-A4K2_AGE=43ANS_SEX=female_STAGE=Stade_I_MUT=RAS_TYPE=PTC
TCGA-FE-A23A,27,female,Stade,BRAF,PTC,0,ID=TCGA-FE-A23A_AGE=27ANS_SEX=female_STAGE=Stade_I_MUT=BRAF_TYPE=PTC
TCGA-EL-A4K1,68,female,Stade,NO,PTC,0,ID=TCGA-EL-A4K1_AGE=68ANS_SEX=female_STAGE=Stade_III_MUT=NO_CANONICAL_DRIVER_TYPE=PTC
TCGA-DJ-A3VF,60,female,Stade,BRAF,PTC,0,ID=TCGA-DJ-A3VF_AGE=60ANS_SEX=female_STAGE=Stade_IV_MUT=BRAF_TYPE=PTC
TCGA-CE-A482,27,female,Stade,NO,PTC,0,ID=TCGA-CE-A482_AGE=27ANS_SEX=female_STAGE=Stade_I_MUT=NO_CANONICAL_DRIVER_TYPE=PTC
TCGA-EM-A3SU,43,female,Stade,NO,PTC,0,ID=TCGA-EM-A3SU_AGE=43ANS_SEX=female_STAGE=Stade_I_MUT=NO_CANONICAL_DRIVER_TYPE=PTC
TCGA-FE-A3PC,37,female,Stade,BRAF,PTC,0,ID=TCGA-FE-A3PC_AGE=37ANS_SEX=female_STAGE=Stade_I_MUT=BRAF_TYPE=PTC
TCGA-EM-A3FQ,19,female,Stade,NO,PTC,0,ID=TCGA-EM-A3FQ_AGE=19ANS_SEX=female_STAGE=Stade_I_MUT=NO_CANONICAL_DRIVER_TYPE=PTC
TCGA-EL-A3GO,31,female,Stade,NO,PTC,1,ID=TCGA-EL-A3GO_AGE=31ANS_SEX=female_STAGE=Stade_I_MUT=NO_CANONICAL_DRIVER_TYPE=PTC
TCGA-E8-A44K,50,female,Stade,BRAF,PTC,0,ID=TCGA-E8-A44K_AGE=50ANS_SEX=female_STAGE=Stade_I_MUT=BRAF_TYPE=PTC
TCGA-DJ-A3UZ,70,female,Stade,NO,PTC,0,ID=TCGA-DJ-A3UZ_AGE=70ANS_SEX=female_STAGE=Stade_III_MUT=NO_CANONICAL_DRIVER_TYPE=PTC
TCGA-BJ-A0ZE,63,female,Stade,RAS,PTC,1,ID=TCGA-BJ-A0ZE_AGE=63ANS_SEX=female_STAGE=Stade_III_MUT=RAS_TYPE=PTC
TCGA-E8-A432,57,female,Stage,NO,PTC,0,ID=TCGA-E8-A432_AGE=57ANS_SEX=female_STAGE=Stage_NA_MUT=NO_CANONICAL_DRIVER_TYPE=PTC
TCGA-BJ-A18Y,29,male,Stade,RAS,PTC,1,ID=TCGA-BJ-A18Y_AGE=29ANS_SEX=male_STAGE=Stade_I_MUT=RAS_TYPE=PTC
TCGA-DJ-A4UT,32,female,Stade,NO,PTC,0,ID=TCGA-DJ-A4UT_AGE=32ANS_SEX=female_STAGE=Stade_I_MUT=NO_CANONICAL_DRIVER_TYPE=PTC
TCGA-ET-A40R,24,female,Stade,NO,PTC,0,ID=TCGA-ET-A40R_AGE=24ANS_SEX=female_STAGE=Stade_I_MUT=NO_CANONICAL_DRIVER_TYPE=PTC
TCGA-EM-A2CR,46,female,Stade,RAS,PTC,1,ID=TCGA-EM-A2CR_AGE=46ANS_SEX=female_STAGE=Stade_II_MUT=RAS_TYPE=PTC
TCGA-J8-A4HY,68,female,Stade,NO,PTC,0,ID=TCGA-J8-A4HY_AGE=68ANS_SEX=female_STAGE=Stade_IV_MUT=NO_CANONICAL_DRIVER_TYPE=PTC
TCGA-DJ-A3UP,38,female,Stade,RAS,PTC,0,ID=TCGA-DJ-A3UP_AGE=38ANS_SEX=female_STAGE=Stade_I_MUT=RAS_TYPE=PTC
TCGA-EM-A3FR,55,female,Stade,NO,PTC,1,ID=TCGA-EM-A3FR_AGE=55ANS_SEX=female_STAGE=Stade_III_MUT=NO_CANONICAL_DRIVER_TYPE=PTC
TCGA-ET-A4KQ,45,female,Stade,NO,PTC,0,ID=TCGA-ET-A4KQ_AGE=45ANS_SEX=female_STAGE=Stade_II_MUT=NO_CANONICAL_DRIVER_TYPE=PTC
TCGA-CE-A481,41,female,Stade,NO,PTC,0,ID=TCGA-CE-A481_AGE=41ANS_SEX=female_STAGE=Stade_I_MUT=NO_CANONICAL_DRIVER_TYPE=PTC
TCGA-EM-A3O3,83,female,Stade,BRAF,PTC,0,ID=TCGA-EM-A3O3_AGE=83ANS_SEX=female_STAGE=Stade_III_MUT=BRAF_TYPE=PTC
TCGA-EM-A2CP,26,female,Stade,NO,PTC,1,ID=TCGA-EM-A2CP_AGE=26ANS_SEX=female_STAGE=Stade_I_MUT=NO_CANONICAL_DRIVER_TYPE=PTC
TCGA-EL-A3H3,19,female,Stade,NO,PTC,0,ID=TCGA-EL-A3H3_AGE=19ANS_SEX=female_STAGE=Stade_I_MUT=NO_CANONICAL_DRIVER_TYPE=PTC
TCGA-EL-A3CS,62,female,Stade,NO,PTC,0,ID=TCGA-EL-A3CS_AGE=62ANS_SEX=female_STAGE=Stade_IV_MUT=NO_CANONICAL_DRIVER_TYPE=PTC
TCGA-BJ-A0Z3,33,female,Stade,BRAF,PTC,0,ID=TCGA-BJ-A0Z3_AGE=33ANS_SEX=female_STAGE=Stade_I_MUT=BRAF_TYPE=PTC
TCGA-DJ-A2PT,70,female,Stade,BRAF,PTC,0,ID=TCGA-DJ-A2PT_AGE=70ANS_SEX=female_STAGE=Stade_III_MUT=BRAF_TYPE=PTC
TCGA-ET-A39I,83,female,Stade,RAS,PTC,1,ID=TCGA-ET-A39I_AGE=83ANS_SEX=female_STAGE=Stade_I_MUT=RAS_TYPE=PTC
TCGA-FK-A3SD,61,female,Stade,NO,PTC,1,ID=TCGA-FK-A3SD_AGE=61ANS_SEX=female_STAGE=Stade_I_MUT=NO_CANONICAL_DRIVER_TYPE=PTC
TCGA-DJ-A13W,45,female,Stade,NO,PTC,1,ID=TCGA-DJ-A13W_AGE=45ANS_SEX=female_STAGE=Stade_I_MUT=NO_CANONICAL_DRIVER_TYPE=PTC
TCGA-DJ-A13R,50,male,Stade,NO,PTC,1,ID=TCGA-DJ-A13R_AGE=50ANS_SEX=male_STAGE=Stade_III_MUT=NO_CANONICAL_DRIVER_TYPE=PTC
TCGA-DJ-A1QI,63,female,Stade,BRAF,PTC,0,ID=TCGA-DJ-A1QI_AGE=63ANS_SEX=female_STAGE=Stade_II_MUT=BRAF_TYPE=PTC
TCGA-EL-A3ZK,41,female,Stade,NO,PTC,0,ID=TCGA-EL-A3ZK_AGE=41ANS_SEX=female_STAGE=Stade_I_MUT=NO_CANONICAL_DRIVER_TYPE=PTC
TCGA-EL-A4JZ,55,female,Stade,BRAF,PTC,0,ID=TCGA-EL-A4JZ_AGE=55ANS_SEX=female_STAGE=Stade_III_MUT=BRAF_TYPE=PTC
TCGA-ET-A2N4,53,female,Stade,BRAF,PTC,0,ID=TCGA-ET-A2N4_AGE=53ANS_SEX=female_STAGE=Stade_III_MUT=BRAF_TYPE=PTC
TCGA-ET-A3DS,33,female,Stade,NO,PTC,1,ID=TCGA-ET-A3DS_AGE=33ANS_SEX=female_STAGE=Stade_I_MUT=NO_CANONICAL_DRIVER_TYPE=PTC
TCGA-EL-A3D4,62,male,Stade,NO,PTC,0,ID=TCGA-EL-A3D4_AGE=62ANS_SEX=male_STAGE=Stade_IV_MUT=NO_CANONICAL_DRIVER_TYPE=PTC
TCGA-DJ-A2PZ,63,male,Stade,BRAF,PTC,0,ID=TCGA-DJ-A2PZ_AGE=63ANS_SEX=male_STAGE=Stade_III_MUT=BRAF_TYPE=PTC
TCGA-FY-A3RA,21,female,Stade,BRAF,PTC,0,ID=TCGA-FY-A3RA_AGE=21ANS_SEX=female_STAGE=Stade_I_MUT=BRAF_TYPE=PTC
TCGA-EM-A4FV,64,female,Stade,RAS,PTC,0,ID=TCGA-EM-A4FV_AGE=64ANS_SEX=female_STAGE=Stade_I_MUT=RAS_TYPE=PTC
TCGA-EM-A3AN,36,female,Stade,NO,PTC,0,ID=TCGA-EM-A3AN_AGE=36ANS_SEX=female_STAGE=Stade_I_MUT=NO_CANONICAL_DRIVER_TYPE=PTC
TCGA-DJ-A3UN,51,female,Stade,BRAF,PTC,0,ID=TCGA-DJ-A3UN_AGE=51ANS_SEX=female_STAGE=Stade_I_MUT=BRAF_TYPE=PTC
TCGA-J8-A42S,45,male,Stade,NO,PTC,0,ID=TCGA-J8-A42S_AGE=45ANS_SEX=male_STAGE=Stade_III_MUT=NO_CANONICAL_DRIVER_TYPE=PTC
TCGA-EL-A4JX,31,female,Stade,BRAF,PTC,0,ID=TCGA-EL-A4JX_AGE=31ANS_SEX=female_STAGE=Stade_I_MUT=BRAF_TYPE=PTC
TCGA-DE-A0Y2,30,female,Stade,NO,PTC,0,ID=TCGA-DE-A0Y2_AGE=30ANS_SEX=female_STAGE=Stade_I_MUT=NO_CANONICAL_DRIVER_TYPE=PTC
TCGA-EL-A4JV,41,female,Stade,RAS,PTC,1,ID=TCGA-EL-A4JV_AGE=41ANS_SEX=female_STAGE=Stade_I_MUT=RAS_TYPE=PTC
TCGA-KS-A4I1,37,female,Stade,NO,PTC,0,ID=TCGA-KS-A4I1_AGE=37ANS_SEX=female_STAGE=Stade_I_MUT=NO_CANONICAL_DRIVER_TYPE=PTC
TCGA-CE-A27D,28,female,Stade,NO,PTC,0,ID=TCGA-CE-A27D_AGE=28ANS_SEX=female_STAGE=Stade_I_MUT=NO_CANONICAL_DRIVER_TYPE=PTC
TCGA-BJ-A0Z0,55,male,Stade,NO,PTC,1,ID=TCGA-BJ-A0Z0_AGE=55ANS_SEX=male_STAGE=Stade_II_MUT=NO_CANONICAL_DRIVER_TYPE=PTC
TCGA-EL-A3CU,70,female,Stade,BRAF,PTC,0,ID=TCGA-EL-A3CU_AGE=70ANS_SEX=female_STAGE=Stade_III_MUT=BRAF_TYPE=PTC
TCGA-EM-A2CK,28,male,Stade,RAS,PTC,1,ID=TCGA-EM-A2CK_AGE=28ANS_SEX=male_STAGE=Stade_I_MUT=RAS_TYPE=PTC
TCGA-FK-A4UB,51,male,Stade,NO,PTC,1,ID=TCGA-FK-A4UB_AGE=51ANS_SEX=male_STAGE=Stade_III_MUT=NO_CANONICAL_DRIVER_TYPE=PTC
TCGA-ET-A2N5,46,female,Stade,RAS,PTC,1,ID=TCGA-ET-A2N5_AGE=46ANS_SEX=female_STAGE=Stade_III_MUT=RAS_TYPE=PTC
TCGA-EM-A2P0,33,male,Stade,BRAF,PTC,0,ID=TCGA-EM-A2P0_AGE=33ANS_SEX=male_STAGE=Stade_I_MUT=BRAF_TYPE=PTC
TCGA-H2-A421,34,female,Stade,BRAF,PTC,0,ID=TCGA-H2-A421_AGE=34ANS_SEX=female_STAGE=Stade_I_MUT=BRAF_TYPE=PTC
TCGA-CE-A483,34,female,Stade,NO,PTC,0,ID=TCGA-CE-A483_AGE=34ANS_SEX=female_STAGE=Stade_I_MUT=NO_CANONICAL_DRIVER_TYPE=PTC
TCGA-FY-A76V,54,male,Stade,NO,PTC,1,ID=TCGA-FY-A76V_AGE=54ANS_SEX=male_STAGE=Stade_II_MUT=NO_CANONICAL_DRIVER_TYPE=PTC
TCGA-EL-A3GX,41,female,Stage,BRAF,PTC,0,ID=TCGA-EL-A3GX_AGE=41ANS_SEX=female_STAGE=Stage_NA_MUT=BRAF_TYPE=PTC
TCGA-DO-A2HM,49,male,Stade,NO,PTC,0,ID=TCGA-DO-A2HM_AGE=49ANS_SEX=male_STAGE=Stade_IV_MUT=NO_CANONICAL_DRIVER_TYPE=PTC
TCGA-IM-A3U2,89,female,Stade,BRAF,PTC,0,ID=TCGA-IM-A3U2_AGE=89ANS_SEX=female_STAGE=Stade_IV_MUT=BRAF_TYPE=PTC
TCGA-EL-A3T0,45,female,Stade,NO,PTC,0,ID=TCGA-EL-A3T0_AGE=45ANS_SEX=female_STAGE=Stade_III_MUT=NO_CANONICAL_DRIVER_TYPE=PTC
TCGA-E3-A3E1,46,female,Stade,BRAF,PTC,0,ID=TCGA-E3-A3E1_AGE=46ANS_SEX=female_STAGE=Stade_I_MUT=BRAF_TYPE=PTC
TCGA-ET-A3BX,24,male,Stade,BRAF,PTC,0,ID=TCGA-ET-A3BX_AGE=24ANS_SEX=male_STAGE=Stade_I_MUT=BRAF_TYPE=PTC
TCGA-BJ-A0ZJ,36,male,Stade,NO,PTC,0,ID=TCGA-BJ-A0ZJ_AGE=36ANS_SEX=male_STAGE=Stade_I_MUT=NO_CANONICAL_DRIVER_TYPE=PTC
TCGA-EL-A3T9,69,female,Stade,NO,PTC,0,ID=TCGA-EL-A3T9_AGE=69ANS_SEX=female_STAGE=Stade_IV_MUT=NO_CANONICAL_DRIVER_TYPE=PTC
TCGA-EM-A1YD,53,female,Stade,NO,PTC,1,ID=TCGA-EM-A1YD_AGE=53ANS_SEX=female_STAGE=Stade_II_MUT=NO_CANONICAL_DRIVER_TYPE=PTC
TCGA-ET-A3BP,34,female,Stade,BRAF,PTC,0,ID=TCGA-ET-A3BP_AGE=34ANS_SEX=female_STAGE=Stade_I_MUT=BRAF_TYPE=PTC
TCGA-EL-A3H1,66,female,Stade,NO,PTC,1,ID=TCGA-EL-A3H1_AGE=66ANS_SEX=female_STAGE=Stade_I_MUT=NO_CANONICAL_DRIVER_TYPE=PTC
TCGA-EM-A4FR,28,male,Stade,NO,PTC,1,ID=TCGA-EM-A4FR_AGE=28ANS_SEX=male_STAGE=Stade_I_MUT=NO_CANONICAL_DRIVER_TYPE=PTC
TCGA-EM-A22M,52,male,Stade,NO,PTC,0,ID=TCGA-EM-A22M_AGE=52ANS_SEX=male_STAGE=Stade_I_MUT=NO_CANONICAL_DRIVER_TYPE=PTC
TCGA-EL-A3ZR,46,female,Stade,RAS,PTC,1,ID=TCGA-EL-A3ZR_AGE=46ANS_SEX=female_STAGE=Stade_II_MUT=RAS_TYPE=PTC
TCGA-DJ-A4UW,34,female,Stade,BRAF,PTC,0,ID=TCGA-DJ-A4UW_AGE=34ANS_SEX=female_STAGE=Stade_I_MUT=BRAF_TYPE=PTC
TCGA-DJ-A13V,21,female,Stade,BRAF,PTC,0,ID=TCGA-DJ-A13V_AGE=21ANS_SEX=female_STAGE=Stade_I_MUT=BRAF_TYPE=PTC
TCGA-E8-A417,38,female,Stade,NO,PTC,0,ID=TCGA-E8-A417_AGE=38ANS_SEX=female_STAGE=Stade_I_MUT=NO_CANONICAL_DRIVER_TYPE=PTC
TCGA-DJ-A1QQ,43,male,Stade,BRAF,PTC,0,ID=TCGA-DJ-A1QQ_AGE=43ANS_SEX=male_STAGE=Stade_I_MUT=BRAF_TYPE=PTC
TCGA-ET-A39R,24,female,Stade,NO,PTC,0,ID=TCGA-ET-A39R_AGE=24ANS_SEX=female_STAGE=Stade_I_MUT=NO_CANONICAL_DRIVER_TYPE=PTC
TCGA-ET-A3DR,42,female,Stade,NO,PTC,1,ID=TCGA-ET-A3DR_AGE=42ANS_SEX=female_STAGE=Stade_I_MUT=NO_CANONICAL_DRIVER_TYPE=PTC
TCGA-ET-A2N3,34,female,Stade,NO,PTC,1,ID=TCGA-ET-A2N3_AGE=34ANS_SEX=female_STAGE=Stade_I_MUT=NO_CANONICAL_DRIVER_TYPE=PTC
TCGA-CE-A485,32,male,Stade,NO,PTC,0,ID=TCGA-CE-A485_AGE=32ANS_SEX=male_STAGE=Stade_I_MUT=NO_CANONICAL_DRIVER_TYPE=PTC
TCGA-ET-A3DT,23,female,Stade,BRAF,PTC,0,ID=TCGA-ET-A3DT_AGE=23ANS_SEX=female_STAGE=Stade_I_MUT=BRAF_TYPE=PTC
TCGA-CE-A13K,30,female,Stade,NO,PTC,0,ID=TCGA-CE-A13K_AGE=30ANS_SEX=female_STAGE=Stade_I_MUT=NO_CANONICAL_DRIVER_TYPE=PTC
TCGA-DJ-A3V8,28,female,Stade,NO,PTC,0,ID=TCGA-DJ-A3V8_AGE=28ANS_SEX=female_STAGE=Stade_I_MUT=NO_CANONICAL_DRIVER_TYPE=PTC
TCGA-BJ-A290,70,male,Stage,BRAF,PTC,0,ID=TCGA-BJ-A290_AGE=70ANS_SEX=male_STAGE=Stage_NA_MUT=BRAF_TYPE=PTC
TCGA-DJ-A1QH,57,female,Stade,BRAF,PTC,0,ID=TCGA-DJ-A1QH_AGE=57ANS_SEX=female_STAGE=Stade_III_MUT=BRAF_TYPE=PTC
TCGA-DJ-A2Q9,65,female,Stade,NO,PTC,0,ID=TCGA-DJ-A2Q9_AGE=65ANS_SEX=female_STAGE=Stade_III_MUT=NO_CANONICAL_DRIVER_TYPE=PTC
TCGA-BJ-A190,55,male,Stade,NO,PTC,1,ID=TCGA-BJ-A190_AGE=55ANS_SEX=male_STAGE=Stade_II_MUT=NO_CANONICAL_DRIVER_TYPE=PTC
TCGA-DE-A3KN,49,female,Stade,NO,PTC,0,ID=TCGA-DE-A3KN_AGE=49ANS_SEX=female_STAGE=Stade_IV_MUT=NO_CANONICAL_DRIVER_TYPE=PTC
TCGA-EM-A3AL,45,female,Stade,NO,PTC,1,ID=TCGA-EM-A3AL_AGE=45ANS_SEX=female_STAGE=Stade_I_MUT=NO_CANONICAL_DRIVER_TYPE=PTC
TCGA-ET-A25R,51,female,Stade,BRAF,PTC,0,ID=TCGA-ET-A25R_AGE=51ANS_SEX=female_STAGE=Stade_III_MUT=BRAF_TYPE=PTC
TCGA-EM-A1YC,71,female,Stade,NO,PTC,1,ID=TCGA-EM-A1YC_AGE=71ANS_SEX=female_STAGE=Stade_III_MUT=NO_CANONICAL_DRIVER_TYPE=PTC
TCGA-ET-A3DO,33,female,Stage,BRAF,PTC,0,ID=TCGA-ET-A3DO_AGE=33ANS_SEX=female_STAGE=Stage_NA_MUT=BRAF_TYPE=PTC
TCGA-EM-A3SZ,42,female,Stade,NO,PTC,0,ID=TCGA-EM-A3SZ_AGE=42ANS_SEX=female_STAGE=Stade_I_MUT=NO_CANONICAL_DRIVER_TYPE=PTC
TCGA-BJ-A18Z,58,male,Stade,BRAF,PTC,0,ID=TCGA-BJ-A18Z_AGE=58ANS_SEX=male_STAGE=Stade_IV_MUT=BRAF_TYPE=PTC
TCGA-EM-A4FK,33,female,Stade,RAS,PTC,1,ID=TCGA-EM-A4FK_AGE=33ANS_SEX=female_STAGE=Stade_I_MUT=RAS_TYPE=PTC
TCGA-EM-A3FK,30,female,Stade,BRAF,PTC,0,ID=TCGA-EM-A3FK_AGE=30ANS_SEX=female_STAGE=Stade_I_MUT=BRAF_TYPE=PTC
TCGA-EM-A3SX,28,female,Stade,NO,PTC,0,ID=TCGA-EM-A3SX_AGE=28ANS_SEX=female_STAGE=Stade_I_MUT=NO_CANONICAL_DRIVER_TYPE=PTC
TCGA-BJ-A0Z5,58,male,Stade,NO,PTC,0,ID=TCGA-BJ-A0Z5_AGE=58ANS_SEX=male_STAGE=Stade_III_MUT=NO_CANONICAL_DRIVER_TYPE=PTC
TCGA-EM-A4FM,59,female,Stade,BRAF,PTC,0,ID=TCGA-EM-A4FM_AGE=59ANS_SEX=female_STAGE=Stade_IV_MUT=BRAF_TYPE=PTC
TCGA-EL-A3GY,40,female,Stade,BRAF,PTC,0,ID=TCGA-EL-A3GY_AGE=40ANS_SEX=female_STAGE=Stade_II_MUT=BRAF_TYPE=PTC
TCGA-DO-A1JZ,23,female,Stade,NO,PTC,0,ID=TCGA-DO-A1JZ_AGE=23ANS_SEX=female_STAGE=Stade_I_MUT=NO_CANONICAL_DRIVER_TYPE=PTC
TCGA-EM-A3AO,61,male,Stade,NO,PTC,0,ID=TCGA-EM-A3AO_AGE=61ANS_SEX=male_STAGE=Stade_IV_MUT=NO_CANONICAL_DRIVER_TYPE=PTC
TCGA-ET-A39J,23,female,Stade,BRAF,PTC,0,ID=TCGA-ET-A39J_AGE=23ANS_SEX=female_STAGE=Stade_I_MUT=BRAF_TYPE=PTC
TCGA-E8-A437,57,female,Stade,BRAF,PTC,0,ID=TCGA-E8-A437_AGE=57ANS_SEX=female_STAGE=Stade_I_MUT=BRAF_TYPE=PTC
TCGA-EM-A2OZ,66,male,Stade,BRAF,PTC,0,ID=TCGA-EM-A2OZ_AGE=66ANS_SEX=male_STAGE=Stade_I_MUT=BRAF_TYPE=PTC
TCGA-EM-A1CW,39,female,Stade,NO,PTC,1,ID=TCGA-EM-A1CW_AGE=39ANS_SEX=female_STAGE=Stade_I_MUT=NO_CANONICAL_DRIVER_TYPE=PTC
TCGA-DJ-A3VM,68,female,Stade,NO,PTC,1,ID=TCGA-DJ-A3VM_AGE=68ANS_SEX=female_STAGE=Stade_II_MUT=NO_CANONICAL_DRIVER_TYPE=PTC
TCGA-EM-A2CL,31,male,Stade,EIF1AX,PTC,1,ID=TCGA-EM-A2CL_AGE=31ANS_SEX=male_STAGE=Stade_I_MUT=EIF1AX_TYPE=PTC
TCGA-ET-A40T,26,female,Stade,NO,PTC,0,ID=TCGA-ET-A40T_AGE=26ANS_SEX=female_STAGE=Stade_I_MUT=NO_CANONICAL_DRIVER_TYPE=PTC
TCGA-ET-A25K,36,female,Stade,BRAF,PTC,0,ID=TCGA-ET-A25K_AGE=36ANS_SEX=female_STAGE=Stade_I_MUT=BRAF_TYPE=PTC
TCGA-FE-A236,33,male,Stade,BRAF,PTC,0,ID=TCGA-FE-A236_AGE=33ANS_SEX=male_STAGE=Stade_I_MUT=BRAF_TYPE=PTC
TCGA-EL-A3ZQ,78,female,Stade,BRAF,PTC,0,ID=TCGA-EL-A3ZQ_AGE=78ANS_SEX=female_STAGE=Stade_II_MUT=BRAF_TYPE=PTC
TCGA-EL-A3CP,50,female,Stage,BRAF,PTC,0,ID=TCGA-EL-A3CP_AGE=50ANS_SEX=female_STAGE=Stage_NA_MUT=BRAF_TYPE=PTC
TCGA-DJ-A1QM,42,male,Stade,BRAF,PTC,0,ID=TCGA-DJ-A1QM_AGE=42ANS_SEX=male_STAGE=Stade_I_MUT=BRAF_TYPE=PTC
TCGA-DJ-A3UQ,45,female,Stade,BRAF,PTC,0,ID=TCGA-DJ-A3UQ_AGE=45ANS_SEX=female_STAGE=Stade_III_MUT=BRAF_TYPE=PTC
TCGA-EM-A3O7,46,female,Stade,BRAF,PTC,0,ID=TCGA-EM-A3O7_AGE=46ANS_SEX=female_STAGE=Stade_III_MUT=BRAF_TYPE=PTC
TCGA-IM-A3EB,32,female,Stade,BRAF,PTC,0,ID=TCGA-IM-A3EB_AGE=32ANS_SEX=female_STAGE=Stade_I_MUT=BRAF_TYPE=PTC
TCGA-EL-A3ZO,79,female,Stade,NO,PTC,0,ID=TCGA-EL-A3ZO_AGE=79ANS_SEX=female_STAGE=Stade_III_MUT=NO_CANONICAL_DRIVER_TYPE=PTC
TCGA-EL-A3H5,57,female,Stade,BRAF,PTC,0,ID=TCGA-EL-A3H5_AGE=57ANS_SEX=female_STAGE=Stade_IV_MUT=BRAF_TYPE=PTC
TCGA-EM-A3AK,62,female,Stade,BRAF,PTC,0,ID=TCGA-EM-A3AK_AGE=62ANS_SEX=female_STAGE=Stade_I_MUT=BRAF_TYPE=PTC
TCGA-ET-A25L,52,female,Stade,NO,PTC,0,ID=TCGA-ET-A25L_AGE=52ANS_SEX=female_STAGE=Stade_IV_MUT=NO_CANONICAL_DRIVER_TYPE=PTC
TCGA-FY-A3ON,20,male,Stade,BRAF,PTC,0,ID=TCGA-FY-A3ON_AGE=20ANS_SEX=male_STAGE=Stade_I_MUT=BRAF_TYPE=PTC
TCGA-DE-A4MB,79,female,Stade,NO,PTC,0,ID=TCGA-DE-A4MB_AGE=79ANS_SEX=female_STAGE=Stade_IV_MUT=NO_CANONICAL_DRIVER_TYPE=PTC
TCGA-EL-A3CT,78,female,Stade,BRAF,PTC,0,ID=TCGA-EL-A3CT_AGE=78ANS_SEX=female_STAGE=Stade_IV_MUT=BRAF_TYPE=PTC
TCGA-ET-A2MZ,39,male,Stade,BRAF,PTC,0,ID=TCGA-ET-A2MZ_AGE=39ANS_SEX=male_STAGE=Stade_I_MUT=BRAF_TYPE=PTC
TCGA-EM-A4FU,35,male,Stade,NO,PTC,1,ID=TCGA-EM-A4FU_AGE=35ANS_SEX=male_STAGE=Stade_I_MUT=NO_CANONICAL_DRIVER_TYPE=PTC
TCGA-EM-A1CU,31,male,Stade,BRAF,PTC,0,ID=TCGA-EM-A1CU_AGE=31ANS_SEX=male_STAGE=Stade_I_MUT=BRAF_TYPE=PTC
TCGA-FY-A3TY,61,female,Stade,NO,PTC,0,ID=TCGA-FY-A3TY_AGE=61ANS_SEX=female_STAGE=Stade_III_MUT=NO_CANONICAL_DRIVER_TYPE=PTC
TCGA-EM-A3FN,42,female,Stade,EIF1AX,PTC,1,ID=TCGA-EM-A3FN_AGE=42ANS_SEX=female_STAGE=Stade_I_MUT=EIF1AX_TYPE=PTC
TCGA-E3-A3DZ,55,female,Stade,RAS,PTC,1,ID=TCGA-E3-A3DZ_AGE=55ANS_SEX=female_STAGE=Stade_III_MUT=RAS_TYPE=PTC
TCGA-EM-A1YA,74,female,Stade,EIF1AX,PTC,1,ID=TCGA-EM-A1YA_AGE=74ANS_SEX=female_STAGE=Stade_II_MUT=EIF1AX_TYPE=PTC
TCGA-EL-A4KH,36,female,Stade,BRAF,PTC,0,ID=TCGA-EL-A4KH_AGE=36ANS_SEX=female_STAGE=Stade_I_MUT=BRAF_TYPE=PTC
TCGA-E3-A3E0,34,female,Stade,NO,PTC,0,ID=TCGA-E3-A3E0_AGE=34ANS_SEX=female_STAGE=Stade_I_MUT=NO_CANONICAL_DRIVER_TYPE=PTC
TCGA-FE-A232,44,female,Stade,BRAF,PTC,0,ID=TCGA-FE-A232_AGE=44ANS_SEX=female_STAGE=Stade_I_MUT=BRAF_TYPE=PTC
TCGA-BJ-A0ZC,55,male,Stade,NO,PTC,1,ID=TCGA-BJ-A0ZC_AGE=55ANS_SEX=male_STAGE=Stade_I_MUT=NO_CANONICAL_DRIVER_TYPE=PTC
TCGA-EM-A2CU,47,female,Stade,NO,PTC,0,ID=TCGA-EM-A2CU_AGE=47ANS_SEX=female_STAGE=Stade_III_MUT=NO_CANONICAL_DRIVER_TYPE=PTC
TCGA-DJ-A2PV,53,female,Stade,BRAF,PTC,0,ID=TCGA-DJ-A2PV_AGE=53ANS_SEX=female_STAGE=Stade_II_MUT=BRAF_TYPE=PTC
TCGA-DJ-A3V3,57,female,Stade,NO,PTC,0,ID=TCGA-DJ-A3V3_AGE=57ANS_SEX=female_STAGE=Stade_II_MUT=NO_CANONICAL_DRIVER_TYPE=PTC
TCGA-BJ-A45K,33,male,Stade,NO,PTC,1,ID=TCGA-BJ-A45K_AGE=33ANS_SEX=male_STAGE=Stade_I_MUT=NO_CANONICAL_DRIVER_TYPE=PTC
TCGA-EM-A3OB,33,female,Stade,RAS,PTC,1,ID=TCGA-EM-A3OB_AGE=33ANS_SEX=female_STAGE=Stade_I_MUT=RAS_TYPE=PTC
TCGA-FY-A3R6,57,female,Stade,NO,PTC,0,ID=TCGA-FY-A3R6_AGE=57ANS_SEX=female_STAGE=Stade_IV_MUT=NO_CANONICAL_DRIVER_TYPE=PTC
TCGA-E8-A2EA,52,female,Stade,BRAF,PTC,0,ID=TCGA-E8-A2EA_AGE=52ANS_SEX=female_STAGE=Stade_I_MUT=BRAF_TYPE=PTC
TCGA-DJ-A3V7,44,female,Stade,BRAF,PTC,0,ID=TCGA-DJ-A3V7_AGE=44ANS_SEX=female_STAGE=Stade_III_MUT=BRAF_TYPE=PTC
TCGA-IM-A41Z,37,female,Stade,NO,PTC,1,ID=TCGA-IM-A41Z_AGE=37ANS_SEX=female_STAGE=Stade_I_MUT=NO_CANONICAL_DRIVER_TYPE=PTC
TCGA-EL-A3CX,22,female,Stade,NO,PTC,0,ID=TCGA-EL-A3CX_AGE=22ANS_SEX=female_STAGE=Stade_I_MUT=NO_CANONICAL_DRIVER_TYPE=PTC
TCGA-EM-A2OX,46,male,Stade,BRAF,PTC,0,ID=TCGA-EM-A2OX_AGE=46ANS_SEX=male_STAGE=Stade_IV_MUT=BRAF_TYPE=PTC
TCGA-DJ-A3UT,43,female,Stade,RAS,PTC,1,ID=TCGA-DJ-A3UT_AGE=43ANS_SEX=female_STAGE=Stade_I_MUT=RAS_TYPE=PTC
TCGA-J8-A3YH,39,male,Stade,NO,PTC,0,ID=TCGA-J8-A3YH_AGE=39ANS_SEX=male_STAGE=Stade_I_MUT=NO_CANONICAL_DRIVER_TYPE=PTC
TCGA-FY-A3NN,48,female,Stade,BRAF,PTC,0,ID=TCGA-FY-A3NN_AGE=48ANS_SEX=female_STAGE=Stade_III_MUT=BRAF_TYPE=PTC
TCGA-EM-A1YB,73,female,Stade,NO,PTC,1,ID=TCGA-EM-A1YB_AGE=73ANS_SEX=female_STAGE=Stade_II_MUT=NO_CANONICAL_DRIVER_TYPE=PTC
TCGA-DJ-A4V4,48,female,Stade,BRAF,PTC,0,ID=TCGA-DJ-A4V4_AGE=48ANS_SEX=female_STAGE=Stade_I_MUT=BRAF_TYPE=PTC
TCGA-ET-A3DV,68,female,Stade,NO,PTC,1,ID=TCGA-ET-A3DV_AGE=68ANS_SEX=female_STAGE=Stade_II_MUT=NO_CANONICAL_DRIVER_TYPE=PTC
TCGA-EM-A4FF,40,female,Stage,NO,PTC,0,ID=TCGA-EM-A4FF_AGE=40ANS_SEX=female_STAGE=Stage_NA_MUT=NO_CANONICAL_DRIVER_TYPE=PTC
TCGA-DJ-A13M,28,female,Stade,RAS,PTC,1,ID=TCGA-DJ-A13M_AGE=28ANS_SEX=female_STAGE=Stade_I_MUT=RAS_TYPE=PTC
TCGA-EL-A3D1,39,male,Stade,BRAF,PTC,0,ID=TCGA-EL-A3D1_AGE=39ANS_SEX=male_STAGE=Stade_I_MUT=BRAF_TYPE=PTC
TCGA-BJ-A28V,80,female,Stade,NO,PTC,1,ID=TCGA-BJ-A28V_AGE=80ANS_SEX=female_STAGE=Stade_III_MUT=NO_CANONICAL_DRIVER_TYPE=PTC
TCGA-BJ-A3EZ,51,male,Stade,BRAF,PTC,0,ID=TCGA-BJ-A3EZ_AGE=51ANS_SEX=male_STAGE=Stade_IV_MUT=BRAF_TYPE=PTC
TCGA-H2-A3RI,29,female,Stage,BRAF,PTC,0,ID=TCGA-H2-A3RI_AGE=29ANS_SEX=female_STAGE=Stage_NA_MUT=BRAF_TYPE=PTC
TCGA-EM-A3FP,71,female,Stade,NO,PTC,1,ID=TCGA-EM-A3FP_AGE=71ANS_SEX=female_STAGE=Stade_II_MUT=NO_CANONICAL_DRIVER_TYPE=PTC
TCGA-ET-A3DU,21,female,Stade,BRAF,PTC,0,ID=TCGA-ET-A3DU_AGE=21ANS_SEX=female_STAGE=Stade_I_MUT=BRAF_TYPE=PTC
TCGA-EM-A22N,68,female,Stade,NO,PTC,1,ID=TCGA-EM-A22N_AGE=68ANS_SEX=female_STAGE=Stade_I_MUT=NO_CANONICAL_DRIVER_TYPE=PTC
TCGA-DE-A0Y3,60,female,Stage,BRAF,PTC,0,ID=TCGA-DE-A0Y3_AGE=60ANS_SEX=female_STAGE=Stage_NA_MUT=BRAF_TYPE=PTC
TCGA-FY-A3BL,29,male,Stade,BRAF,PTC,0,ID=TCGA-FY-A3BL_AGE=29ANS_SEX=male_STAGE=Stade_I_MUT=BRAF_TYPE=PTC
TCGA-QD-A8IV,50,female,Stade,NO,PTC,1,ID=TCGA-QD-A8IV_AGE=50ANS_SEX=female_STAGE=Stade_IV_MUT=NO_CANONICAL_DRIVER_TYPE=PTC
TCGA-FY-A3R8,62,female,Stade,BRAF,PTC,0,ID=TCGA-FY-A3R8_AGE=62ANS_SEX=female_STAGE=Stade_III_MUT=BRAF_TYPE=PTC
TCGA-EM-A22J,56,female,Stade,RAS,PTC,1,ID=TCGA-EM-A22J_AGE=56ANS_SEX=female_STAGE=Stade_II_MUT=RAS_TYPE=PTC
TCGA-FE-A235,26,female,Stade,BRAF,PTC,0,ID=TCGA-FE-A235_AGE=26ANS_SEX=female_STAGE=Stade_I_MUT=BRAF_TYPE=PTC
TCGA-ET-A3BS,42,male,Stade,BRAF,PTC,0,ID=TCGA-ET-A3BS_AGE=42ANS_SEX=male_STAGE=Stade_I_MUT=BRAF_TYPE=PTC
TCGA-J8-A3YE,31,female,Stade,BRAF,PTC,0,ID=TCGA-J8-A3YE_AGE=31ANS_SEX=female_STAGE=Stade_I_MUT=BRAF_TYPE=PTC
TCGA-EM-A2CT,20,female,Stade,RAS,PTC,1,ID=TCGA-EM-A2CT_AGE=20ANS_SEX=female_STAGE=Stade_I_MUT=RAS_TYPE=PTC
TCGA-DJ-A3VL,38,male,Stade,NO,PTC,1,ID=TCGA-DJ-A3VL_AGE=38ANS_SEX=male_STAGE=Stade_I_MUT=NO_CANONICAL_DRIVER_TYPE=PTC
TCGA-EM-A3FJ,24,female,Stade,BRAF,PTC,0,ID=TCGA-EM-A3FJ_AGE=24ANS_SEX=female_STAGE=Stade_I_MUT=BRAF_TYPE=PTC
TCGA-DJ-A1QG,62,male,Stade,RAS,PTC,1,ID=TCGA-DJ-A1QG_AGE=62ANS_SEX=male_STAGE=Stade_I_MUT=RAS_TYPE=PTC
TCGA-EM-A4G1,26,female,Stade,RAS,PTC,1,ID=TCGA-EM-A4G1_AGE=26ANS_SEX=female_STAGE=Stade_I_MUT=RAS_TYPE=PTC
TCGA-BJ-A4O9,51,female,Stade,BRAF,PTC,0,ID=TCGA-BJ-A4O9_AGE=51ANS_SEX=female_STAGE=Stade_II_MUT=BRAF_TYPE=PTC
TCGA-DE-A4MD,71,male,Stade,NO,PTC,0,ID=TCGA-DE-A4MD_AGE=71ANS_SEX=male_STAGE=Stade_IV_MUT=NO_CANONICAL_DRIVER_TYPE=PTC
TCGA-EM-A3FL,63,female,Stade,NO,PTC,1,ID=TCGA-EM-A3FL_AGE=63ANS_SEX=female_STAGE=Stade_I_MUT=NO_CANONICAL_DRIVER_TYPE=PTC
TCGA-FY-A3I4,34,female,Stade,BRAF,PTC,0,ID=TCGA-FY-A3I4_AGE=34ANS_SEX=female_STAGE=Stade_I_MUT=BRAF_TYPE=PTC
TCGA-DJ-A3UM,45,female,Stade,BRAF,PTC,0,ID=TCGA-DJ-A3UM_AGE=45ANS_SEX=female_STAGE=Stade_I_MUT=BRAF_TYPE=PTC
TCGA-EM-A2OY,46,female,Stade,NO,PTC,1,ID=TCGA-EM-A2OY_AGE=46ANS_SEX=female_STAGE=Stade_II_MUT=NO_CANONICAL_DRIVER_TYPE=PTC
TCGA-DJ-A3UK,35,female,Stade,BRAF,PTC,0,ID=TCGA-DJ-A3UK_AGE=35ANS_SEX=female_STAGE=Stade_I_MUT=BRAF_TYPE=PTC
TCGA-EM-A3AJ,39,male,Stade,NO,PTC,1,ID=TCGA-EM-A3AJ_AGE=39ANS_SEX=male_STAGE=Stade_I_MUT=NO_CANONICAL_DRIVER_TYPE=PTC
TCGA-FY-A3R9,66,female,Stade,RAS,PTC,1,ID=TCGA-FY-A3R9_AGE=66ANS_SEX=female_STAGE=Stade_I_MUT=RAS_TYPE=PTC
TCGA-L6-A4EQ,47,male,Stade,NO,PTC,0,ID=TCGA-L6-A4EQ_AGE=47ANS_SEX=male_STAGE=Stade_III_MUT=NO_CANONICAL_DRIVER_TYPE=PTC
TCGA-DJ-A3UO,63,male,Stade,BRAF,PTC,0,ID=TCGA-DJ-A3UO_AGE=63ANS_SEX=male_STAGE=Stade_IV_MUT=BRAF_TYPE=PTC
TCGA-DJ-A1QD,20,female,Stade,BRAF,PTC,0,ID=TCGA-DJ-A1QD_AGE=20ANS_SEX=female_STAGE=Stade_I_MUT=BRAF_TYPE=PTC
TCGA-DJ-A4V2,38,female,Stade,BRAF,PTC,0,ID=TCGA-DJ-A4V2_AGE=38ANS_SEX=female_STAGE=Stade_I_MUT=BRAF_TYPE=PTC
TCGA-EL-A4K7,74,male,Stade,NO,PTC,0,ID=TCGA-EL-A4K7_AGE=74ANS_SEX=male_STAGE=Stade_III_MUT=NO_CANONICAL_DRIVER_TYPE=PTC
TCGA-MK-A4N6,35,male,Stade,BRAF,PTC,0,ID=TCGA-MK-A4N6_AGE=35ANS_SEX=male_STAGE=Stade_I_MUT=BRAF_TYPE=PTC
TCGA-EL-A3GP,70,male,Stade,BRAF,PTC,0,ID=TCGA-EL-A3GP_AGE=70ANS_SEX=male_STAGE=Stade_III_MUT=BRAF_TYPE=PTC
TCGA-EL-A3GU,72,female,Stade,BRAF,PTC,0,ID=TCGA-EL-A3GU_AGE=72ANS_SEX=female_STAGE=Stade_III_MUT=BRAF_TYPE=PTC
TCGA-FE-A238,36,female,Stade,NO,PTC,0,ID=TCGA-FE-A238_AGE=36ANS_SEX=female_STAGE=Stade_I_MUT=NO_CANONICAL_DRIVER_TYPE=PTC
TCGA-CE-A3ME,51,female,Stade,BRAF,PTC,0,ID=TCGA-CE-A3ME_AGE=51ANS_SEX=female_STAGE=Stade_II_MUT=BRAF_TYPE=PTC
TCGA-EM-A4FO,72,male,Stade,BRAF,PTC,0,ID=TCGA-EM-A4FO_AGE=72ANS_SEX=male_STAGE=Stade_I_MUT=BRAF_TYPE=PTC
TCGA-IM-A420,39,female,Stade,NO,PTC,0,ID=TCGA-IM-A420_AGE=39ANS_SEX=female_STAGE=Stade_I_MUT=NO_CANONICAL_DRIVER_TYPE=PTC
TCGA-DJ-A2Q1,44,female,Stade,NO,PTC,0,ID=TCGA-DJ-A2Q1_AGE=44ANS_SEX=female_STAGE=Stade_I_MUT=NO_CANONICAL_DRIVER_TYPE=PTC
TCGA-FK-A3SH,50,female,Stade,BRAF,PTC,0,ID=TCGA-FK-A3SH_AGE=50ANS_SEX=female_STAGE=Stade_III_MUT=BRAF_TYPE=PTC
TCGA-EM-A1YE,47,female,Stade,NO,PTC,1,ID=TCGA-EM-A1YE_AGE=47ANS_SEX=female_STAGE=Stade_II_MUT=NO_CANONICAL_DRIVER_TYPE=PTC
TCGA-KS-A4I5,49,female,Stade,BRAF,PTC,0,ID=TCGA-KS-A4I5_AGE=49ANS_SEX=female_STAGE=Stade_IV_MUT=BRAF_TYPE=PTC
TCGA-EL-A3GV,65,female,Stade,BRAF,PTC,0,ID=TCGA-EL-A3GV_AGE=65ANS_SEX=female_STAGE=Stade_III_MUT=BRAF_TYPE=PTC
TCGA-FE-A233,18,female,Stade,BRAF,PTC,0,ID=TCGA-FE-A233_AGE=18ANS_SEX=female_STAGE=Stade_I_MUT=BRAF_TYPE=PTC
TCGA-EL-A3MX,66,female,Stage,BRAF,PTC,0,ID=TCGA-EL-A3MX_AGE=66ANS_SEX=female_STAGE=Stage_NA_MUT=BRAF_TYPE=PTC
TCGA-BJ-A45D,36,male,Stade,RAS,PTC,1,ID=TCGA-BJ-A45D_AGE=36ANS_SEX=male_STAGE=Stade_I_MUT=RAS_TYPE=PTC
TCGA-MK-A4N7,20,female,Stade,BRAF,PTC,0,ID=TCGA-MK-A4N7_AGE=20ANS_SEX=female_STAGE=Stade_I_MUT=BRAF_TYPE=PTC
TCGA-ET-A25N,28,female,Stade,NO,PTC,0,ID=TCGA-ET-A25N_AGE=28ANS_SEX=female_STAGE=Stade_I_MUT=NO_CANONICAL_DRIVER_TYPE=PTC
TCGA-DJ-A2PQ,26,male,Stade,BRAF,PTC,0,ID=TCGA-DJ-A2PQ_AGE=26ANS_SEX=male_STAGE=Stade_I_MUT=BRAF_TYPE=PTC
TCGA-E8-A438,23,female,Stade,NO,PTC,0,ID=TCGA-E8-A438_AGE=23ANS_SEX=female_STAGE=Stade_I_MUT=NO_CANONICAL_DRIVER_TYPE=PTC
TCGA-EM-A22I,52,female,Stade,BRAF,PTC,0,ID=TCGA-EM-A22I_AGE=52ANS_SEX=female_STAGE=Stade_III_MUT=BRAF_TYPE=PTC
TCGA-DJ-A1QO,69,male,Stade,BRAF,PTC,0,ID=TCGA-DJ-A1QO_AGE=69ANS_SEX=male_STAGE=Stade_III_MUT=BRAF_TYPE=PTC
TCGA-E8-A3X7,57,female,Stade,NO,PTC,0,ID=TCGA-E8-A3X7_AGE=57ANS_SEX=female_STAGE=Stade_IV_MUT=NO_CANONICAL_DRIVER_TYPE=PTC
TCGA-E3-A3E2,34,female,Stade,BRAF,PTC,0,ID=TCGA-E3-A3E2_AGE=34ANS_SEX=female_STAGE=Stade_I_MUT=BRAF_TYPE=PTC
TCGA-E8-A434,56,female,Stade,NO,PTC,0,ID=TCGA-E8-A434_AGE=56ANS_SEX=female_STAGE=Stade_I_MUT=NO_CANONICAL_DRIVER_TYPE=PTC
TCGA-EL-A3MZ,66,male,Stade,BRAF,PTC,0,ID=TCGA-EL-A3MZ_AGE=66ANS_SEX=male_STAGE=Stade_III_MUT=BRAF_TYPE=PTC
TCGA-ET-A3DQ,43,female,Stade,NO,PTC,0,ID=TCGA-ET-A3DQ_AGE=43ANS_SEX=female_STAGE=Stade_I_MUT=NO_CANONICAL_DRIVER_TYPE=PTC
TCGA-J8-A3O1,33,female,Stade,NO,PTC,0,ID=TCGA-J8-A3O1_AGE=33ANS_SEX=female_STAGE=Stade_I_MUT=NO_CANONICAL_DRIVER_TYPE=PTC
TCGA-DJ-A2PN,70,female,Stade,BRAF,PTC,0,ID=TCGA-DJ-A2PN_AGE=70ANS_SEX=female_STAGE=Stade_I_MUT=BRAF_TYPE=PTC
TCGA-EL-A3CV,40,male,Stade,BRAF,PTC,0,ID=TCGA-EL-A3CV_AGE=40ANS_SEX=male_STAGE=Stade_I_MUT=BRAF_TYPE=PTC
TCGA-FE-A239,82,male,Stade,NO,PTC,1,ID=TCGA-FE-A239_AGE=82ANS_SEX=male_STAGE=Stade_III_MUT=NO_CANONICAL_DRIVER_TYPE=PTC
TCGA-DE-A4M8,61,female,Stade,NO,PTC,0,ID=TCGA-DE-A4M8_AGE=61ANS_SEX=female_STAGE=Stade_III_MUT=NO_CANONICAL_DRIVER_TYPE=PTC
TCGA-BJ-A28W,32,female,Stade,NO,PTC,1,ID=TCGA-BJ-A28W_AGE=32ANS_SEX=female_STAGE=Stade_I_MUT=NO_CANONICAL_DRIVER_TYPE=PTC
TCGA-EM-A22L,33,female,Stade,RAS,PTC,1,ID=TCGA-EM-A22L_AGE=33ANS_SEX=female_STAGE=Stade_I_MUT=RAS_TYPE=PTC
TCGA-BJ-A28T,34,female,Stade,NO,PTC,1,ID=TCGA-BJ-A28T_AGE=34ANS_SEX=female_STAGE=Stade_I_MUT=NO_CANONICAL_DRIVER_TYPE=PTC
TCGA-DJ-A4V0,36,female,Stade,NO,PTC,0,ID=TCGA-DJ-A4V0_AGE=36ANS_SEX=female_STAGE=Stade_I_MUT=NO_CANONICAL_DRIVER_TYPE=PTC
TCGA-DJ-A3UY,32,female,Stade,BRAF,PTC,0,ID=TCGA-DJ-A3UY_AGE=32ANS_SEX=female_STAGE=Stade_I_MUT=BRAF_TYPE=PTC
TCGA-J8-A3O2,39,male,Stade,NO,PTC,0,ID=TCGA-J8-A3O2_AGE=39ANS_SEX=male_STAGE=Stade_I_MUT=NO_CANONICAL_DRIVER_TYPE=PTC
TCGA-EM-A2CO,77,female,Stade,NO,PTC,1,ID=TCGA-EM-A2CO_AGE=77ANS_SEX=female_STAGE=Stade_II_MUT=NO_CANONICAL_DRIVER_TYPE=PTC
TCGA-FE-A3PB,33,female,Stade,BRAF,PTC,0,ID=TCGA-FE-A3PB_AGE=33ANS_SEX=female_STAGE=Stade_I_MUT=BRAF_TYPE=PTC
TCGA-EL-A3ZM,60,male,Stade,NO,PTC,0,ID=TCGA-EL-A3ZM_AGE=60ANS_SEX=male_STAGE=Stade_IV_MUT=NO_CANONICAL_DRIVER_TYPE=PTC
TCGA-BJ-A4O8,47,male,Stade,BRAF,PTC,0,ID=TCGA-BJ-A4O8_AGE=47ANS_SEX=male_STAGE=Stade_III_MUT=BRAF_TYPE=PTC
TCGA-EM-A3AP,31,female,Stade,RAS,PTC,1,ID=TCGA-EM-A3AP_AGE=31ANS_SEX=female_STAGE=Stade_I_MUT=RAS_TYPE=PTC
TCGA-FE-A3PA,16,male,Stade,NO,PTC,0,ID=TCGA-FE-A3PA_AGE=16ANS_SEX=male_STAGE=Stade_II_MUT=NO_CANONICAL_DRIVER_TYPE=PTC
TCGA-ET-A25P,24,female,Stade,NO,PTC,0,ID=TCGA-ET-A25P_AGE=24ANS_SEX=female_STAGE=Stade_I_MUT=NO_CANONICAL_DRIVER_TYPE=PTC
TCGA-EL-A3ZH,42,female,Stade,RAS,PTC,1,ID=TCGA-EL-A3ZH_AGE=42ANS_SEX=female_STAGE=Stade_I_MUT=RAS_TYPE=PTC
TCGA-DJ-A2PU,52,female,Stade,BRAF,PTC,0,ID=TCGA-DJ-A2PU_AGE=52ANS_SEX=female_STAGE=Stade_II_MUT=BRAF_TYPE=PTC
TCGA-ET-A3DP,43,female,Stade,BRAF,PTC,0,ID=TCGA-ET-A3DP_AGE=43ANS_SEX=female_STAGE=Stade_I_MUT=BRAF_TYPE=PTC
TCGA-DJ-A2QC,70,female,Stade,BRAF,PTC,0,ID=TCGA-DJ-A2QC_AGE=70ANS_SEX=female_STAGE=Stade_II_MUT=BRAF_TYPE=PTC
TCGA-MK-A4N9,41,female,Stade,BRAF,PTC,0,ID=TCGA-MK-A4N9_AGE=41ANS_SEX=female_STAGE=Stade_I_MUT=BRAF_TYPE=PTC
TCGA-EL-A3GS,37,female,Stade,BRAF,PTC,0,ID=TCGA-EL-A3GS_AGE=37ANS_SEX=female_STAGE=Stade_I_MUT=BRAF_TYPE=PTC
TCGA-EM-A3OA,55,female,Stade,RAS,PTC,1,ID=TCGA-EM-A3OA_AGE=55ANS_SEX=female_STAGE=Stade_II_MUT=RAS_TYPE=PTC
TCGA-DJ-A3VA,39,female,Stade,BRAF,PTC,0,ID=TCGA-DJ-A3VA_AGE=39ANS_SEX=female_STAGE=Stade_I_MUT=BRAF_TYPE=PTC
TCGA-BJ-A191,49,female,Stade,NO,PTC,1,ID=TCGA-BJ-A191_AGE=49ANS_SEX=female_STAGE=Stade_I_MUT=NO_CANONICAL_DRIVER_TYPE=PTC
TCGA-EL-A3ZG,15,male,Stade,NO,PTC,0,ID=TCGA-EL-A3ZG_AGE=15ANS_SEX=male_STAGE=Stade_I_MUT=NO_CANONICAL_DRIVER_TYPE=PTC
TCGA-EM-A3O9,40,male,Stade,NO,PTC,1,ID=TCGA-EM-A3O9_AGE=40ANS_SEX=male_STAGE=Stade_I_MUT=NO_CANONICAL_DRIVER_TYPE=PTC
TCGA-EL-A3N2,24,female,Stade,BRAF,PTC,0,ID=TCGA-EL-A3N2_AGE=24ANS_SEX=female_STAGE=Stade_I_MUT=BRAF_TYPE=PTC
TCGA-FE-A3PD,17,female,Stade,NO,PTC,0,ID=TCGA-FE-A3PD_AGE=17ANS_SEX=female_STAGE=Stade_I_MUT=NO_CANONICAL_DRIVER_TYPE=PTC
TCGA-ET-A3BN,33,female,Stade,NO,PTC,0,ID=TCGA-ET-A3BN_AGE=33ANS_SEX=female_STAGE=Stade_I_MUT=NO_CANONICAL_DRIVER_TYPE=PTC
TCGA-BJ-A45E,46,female,Stade,NO,PTC,1,ID=TCGA-BJ-A45E_AGE=46ANS_SEX=female_STAGE=Stade_I_MUT=NO_CANONICAL_DRIVER_TYPE=PTC
TCGA-FY-A40L,55,female,Stade,NO,PTC,0,ID=TCGA-FY-A40L_AGE=55ANS_SEX=female_STAGE=Stade_IV_MUT=NO_CANONICAL_DRIVER_TYPE=PTC
TCGA-E3-A3E5,57,male,Stade,BRAF,PTC,0,ID=TCGA-E3-A3E5_AGE=57ANS_SEX=male_STAGE=Stade_IV_MUT=BRAF_TYPE=PTC
TCGA-DJ-A3UW,50,female,Stade,BRAF,PTC,0,ID=TCGA-DJ-A3UW_AGE=50ANS_SEX=female_STAGE=Stade_I_MUT=BRAF_TYPE=PTC
TCGA-EL-A4K6,75,male,Stage,RAS,PTC,1,ID=TCGA-EL-A4K6_AGE=75ANS_SEX=male_STAGE=Stage_NA_MUT=RAS_TYPE=PTC
TCGA-ET-A3BV,47,female,Stade,BRAF,PTC,0,ID=TCGA-ET-A3BV_AGE=47ANS_SEX=female_STAGE=Stade_III_MUT=BRAF_TYPE=PTC
TCGA-H2-A3RH,41,female,Stade,RAS,PTC,0,ID=TCGA-H2-A3RH_AGE=41ANS_SEX=female_STAGE=Stade_I_MUT=RAS_TYPE=PTC
TCGA-FY-A4B3,51,male,Stade,BRAF,PTC,0,ID=TCGA-FY-A4B3_AGE=51ANS_SEX=male_STAGE=Stade_III_MUT=BRAF_TYPE=PTC
TCGA-EL-A3CW,87,female,Stade,NO,PTC,1,ID=TCGA-EL-A3CW_AGE=87ANS_SEX=female_STAGE=Stade_III_MUT=NO_CANONICAL_DRIVER_TYPE=PTC
TCGA-FY-A3NP,69,male,Stade,RAS,PTC,1,ID=TCGA-FY-A3NP_AGE=69ANS_SEX=male_STAGE=Stade_I_MUT=RAS_TYPE=PTC
TCGA-DJ-A2PP,47,male,Stade,RAS,PTC,1,ID=TCGA-DJ-A2PP_AGE=47ANS_SEX=male_STAGE=Stade_II_MUT=RAS_TYPE=PTC
TCGA-EL-A4K0,54,female,Stade,BRAF,PTC,0,ID=TCGA-EL-A4K0_AGE=54ANS_SEX=female_STAGE=Stade_I_MUT=BRAF_TYPE=PTC
TCGA-DJ-A13T,37,female,Stade,BRAF,PTC,0,ID=TCGA-DJ-A13T_AGE=37ANS_SEX=female_STAGE=Stade_I_MUT=BRAF_TYPE=PTC
TCGA-KS-A41J,28,female,Stade,BRAF,PTC,0,ID=TCGA-KS-A41J_AGE=28ANS_SEX=female_STAGE=Stade_I_MUT=BRAF_TYPE=PTC
TCGA-ET-A2N0,51,female,Stade,BRAF,PTC,0,ID=TCGA-ET-A2N0_AGE=51ANS_SEX=female_STAGE=Stade_III_MUT=BRAF_TYPE=PTC
TCGA-H2-A2K9,25,male,Stade,RAS,PTC,0,ID=TCGA-H2-A2K9_AGE=25ANS_SEX=male_STAGE=Stade_I_MUT=RAS_TYPE=PTC
TCGA-EM-A1CT,76,male,Stade,BRAF,PTC,1,ID=TCGA-EM-A1CT_AGE=76ANS_SEX=male_STAGE=Stade_IV_MUT=BRAF_TYPE=PTC
TCGA-EL-A3CN,47,female,Stade,BRAF,PTC,0,ID=TCGA-EL-A3CN_AGE=47ANS_SEX=female_STAGE=Stade_II_MUT=BRAF_TYPE=PTC
TCGA-BJ-A0ZA,67,female,Stade,NO,PTC,1,ID=TCGA-BJ-A0ZA_AGE=67ANS_SEX=female_STAGE=Stade_II_MUT=NO_CANONICAL_DRIVER_TYPE=PTC
TCGA-KS-A41L,39,female,Stade,NO,PTC,1,ID=TCGA-KS-A41L_AGE=39ANS_SEX=female_STAGE=Stade_I_MUT=NO_CANONICAL_DRIVER_TYPE=PTC
TCGA-E8-A433,25,female,Stade,BRAF,PTC,0,ID=TCGA-E8-A433_AGE=25ANS_SEX=female_STAGE=Stade_I_MUT=BRAF_TYPE=PTC
TCGA-E8-A242,56,female,Stade,BRAF,PTC,0,ID=TCGA-E8-A242_AGE=56ANS_SEX=female_STAGE=Stade_III_MUT=BRAF_TYPE=PTC
TCGA-EL-A4JW,38,female,Stade,BRAF,PTC,0,ID=TCGA-EL-A4JW_AGE=38ANS_SEX=female_STAGE=Stade_I_MUT=BRAF_TYPE=PTC
TCGA-KS-A4I9,46,female,Stade,BRAF,PTC,0,ID=TCGA-KS-A4I9_AGE=46ANS_SEX=female_STAGE=Stade_I_MUT=BRAF_TYPE=PTC
TCGA-BJ-A28R,38,female,Stade,BRAF,PTC,0,ID=TCGA-BJ-A28R_AGE=38ANS_SEX=female_STAGE=Stade_I_MUT=BRAF_TYPE=PTC
TCGA-BJ-A28S,79,male,Stade,NO,PTC,1,ID=TCGA-BJ-A28S_AGE=79ANS_SEX=male_STAGE=Stade_II_MUT=NO_CANONICAL_DRIVER_TYPE=PTC
TCGA-FY-A4B4,62,female,Stade,NO,PTC,0,ID=TCGA-FY-A4B4_AGE=62ANS_SEX=female_STAGE=Stade_III_MUT=NO_CANONICAL_DRIVER_TYPE=PTC
TCGA-BJ-A45J,39,female,Stade,BRAF,PTC,0,ID=TCGA-BJ-A45J_AGE=39ANS_SEX=female_STAGE=Stade_I_MUT=BRAF_TYPE=PTC
TCGA-BJ-A28Z,46,female,Stade,NO,PTC,0,ID=TCGA-BJ-A28Z_AGE=46ANS_SEX=female_STAGE=Stade_III_MUT=NO_CANONICAL_DRIVER_TYPE=PTC
TCGA-EM-A3AR,41,male,Stade,BRAF,PTC,0,ID=TCGA-EM-A3AR_AGE=41ANS_SEX=male_STAGE=Stade_I_MUT=BRAF_TYPE=PTC
TCGA-DJ-A3US,37,female,Stade,NO,PTC,0,ID=TCGA-DJ-A3US_AGE=37ANS_SEX=female_STAGE=Stade_I_MUT=NO_CANONICAL_DRIVER_TYPE=PTC
TCGA-BJ-A2N8,30,female,Stade,RAS,PTC,0,ID=TCGA-BJ-A2N8_AGE=30ANS_SEX=female_STAGE=Stade_I_MUT=RAS_TYPE=PTC
TCGA-FE-A231,70,male,Stade,BRAF,PTC,0,ID=TCGA-FE-A231_AGE=70ANS_SEX=male_STAGE=Stade_IV_MUT=BRAF_TYPE=PTC
TCGA-DE-A2OL,44,female,Stade,NO,PTC,1,ID=TCGA-DE-A2OL_AGE=44ANS_SEX=female_STAGE=Stade_I_MUT=NO_CANONICAL_DRIVER_TYPE=PTC
TCGA-EM-A1CV,32,female,Stade,BRAF,PTC,0,ID=TCGA-EM-A1CV_AGE=32ANS_SEX=female_STAGE=Stade_I_MUT=BRAF_TYPE=PTC
TCGA-DJ-A13O,56,male,Stade,BRAF,PTC,0,ID=TCGA-DJ-A13O_AGE=56ANS_SEX=male_STAGE=Stade_I_MUT=BRAF_TYPE=PTC
TCGA-EL-A3MY,81,male,Stade,BRAF,PTC,0,ID=TCGA-EL-A3MY_AGE=81ANS_SEX=male_STAGE=Stade_IV_MUT=BRAF_TYPE=PTC
TCGA-BJ-A45H,45,male,Stade,NO,PTC,0,ID=TCGA-BJ-A45H_AGE=45ANS_SEX=male_STAGE=Stade_III_MUT=NO_CANONICAL_DRIVER_TYPE=PTC
TCGA-DJ-A3V2,44,female,Stade,NO,PTC,0,ID=TCGA-DJ-A3V2_AGE=44ANS_SEX=female_STAGE=Stade_I_MUT=NO_CANONICAL_DRIVER_TYPE=PTC
TCGA-FK-A3S3,43,female,Stade,NO,PTC,0,ID=TCGA-FK-A3S3_AGE=43ANS_SEX=female_STAGE=Stade_I_MUT=NO_CANONICAL_DRIVER_TYPE=PTC
TCGA-ET-A39T,55,female,Stade,BRAF,PTC,0,ID=TCGA-ET-A39T_AGE=55ANS_SEX=female_STAGE=Stade_III_MUT=BRAF_TYPE=PTC
TCGA-DJ-A2Q7,52,female,Stade,BRAF,PTC,0,ID=TCGA-DJ-A2Q7_AGE=52ANS_SEX=female_STAGE=Stade_III_MUT=BRAF_TYPE=PTC
TCGA-DE-A69K,58,female,Stade,NO,PTC,0,ID=TCGA-DE-A69K_AGE=58ANS_SEX=female_STAGE=Stade_III_MUT=NO_CANONICAL_DRIVER_TYPE=PTC
TCGA-ET-A25M,33,male,Stade,NO,PTC,1,ID=TCGA-ET-A25M_AGE=33ANS_SEX=male_STAGE=Stade_I_MUT=NO_CANONICAL_DRIVER_TYPE=PTC
TCGA-DJ-A4V5,55,male,Stade,NO,PTC,0,ID=TCGA-DJ-A4V5_AGE=55ANS_SEX=male_STAGE=Stade_IV_MUT=NO_CANONICAL_DRIVER_TYPE=PTC
TCGA-DE-A4M9,28,male,Stade,NO,PTC,1,ID=TCGA-DE-A4M9_AGE=28ANS_SEX=male_STAGE=Stade_I_MUT=NO_CANONICAL_DRIVER_TYPE=PTC
TCGA-BJ-A0Z9,57,female,Stade,BRAF,PTC,0,ID=TCGA-BJ-A0Z9_AGE=57ANS_SEX=female_STAGE=Stade_III_MUT=BRAF_TYPE=PTC
TCGA-ET-A39N,35,female,Stade,NO,PTC,1,ID=TCGA-ET-A39N_AGE=35ANS_SEX=female_STAGE=Stade_I_MUT=NO_CANONICAL_DRIVER_TYPE=PTC
TCGA-BJ-A0ZH,52,female,Stade,BRAF,PTC,0,ID=TCGA-BJ-A0ZH_AGE=52ANS_SEX=female_STAGE=Stade_IV_MUT=BRAF_TYPE=PTC
TCGA-E8-A416,51,female,Stade,NO,PTC,1,ID=TCGA-E8-A416_AGE=51ANS_SEX=female_STAGE=Stade_I_MUT=NO_CANONICAL_DRIVER_TYPE=PTC
TCGA-KS-A4ID,55,female,Stade,NO,PTC,1,ID=TCGA-KS-A4ID_AGE=55ANS_SEX=female_STAGE=Stade_I_MUT=NO_CANONICAL_DRIVER_TYPE=PTC
TCGA-DJ-A13U,60,male,Stade,BRAF,PTC,0,ID=TCGA-DJ-A13U_AGE=60ANS_SEX=male_STAGE=Stade_III_MUT=BRAF_TYPE=PTC
TCGA-EL-A3T2,55,female,Stage,RAS,PTC,1,ID=TCGA-EL-A3T2_AGE=55ANS_SEX=female_STAGE=Stage_NA_MUT=RAS_TYPE=PTC
TCGA-FY-A40K,46,female,Stade,BRAF,PTC,0,ID=TCGA-FY-A40K_AGE=46ANS_SEX=female_STAGE=Stade_I_MUT=BRAF_TYPE=PTC
TCGA-DE-A4MA,52,female,Stade,NO,PTC,0,ID=TCGA-DE-A4MA_AGE=52ANS_SEX=female_STAGE=Stade_III_MUT=NO_CANONICAL_DRIVER_TYPE=PTC
TCGA-DJ-A2Q0,57,female,Stade,NO,PTC,1,ID=TCGA-DJ-A2Q0_AGE=57ANS_SEX=female_STAGE=Stade_II_MUT=NO_CANONICAL_DRIVER_TYPE=PTC
TCGA-EL-A3T6,34,female,Stade,BRAF,PTC,0,ID=TCGA-EL-A3T6_AGE=34ANS_SEX=female_STAGE=Stade_I_MUT=BRAF_TYPE=PTC
TCGA-KS-A41F,37,female,Stade,NO,PTC,1,ID=TCGA-KS-A41F_AGE=37ANS_SEX=female_STAGE=Stade_I_MUT=NO_CANONICAL_DRIVER_TYPE=PTC
TCGA-EL-A3T8,36,male,Stade,BRAF,PTC,0,ID=TCGA-EL-A3T8_AGE=36ANS_SEX=male_STAGE=Stade_I_MUT=BRAF_TYPE=PTC
TCGA-EM-A3O8,33,female,Stade,BRAF,PTC,1,ID=TCGA-EM-A3O8_AGE=33ANS_SEX=female_STAGE=Stade_I_MUT=BRAF_TYPE=PTC
TCGA-L6-A4EP,41,female,Stade,BRAF,PTC,0,ID=TCGA-L6-A4EP_AGE=41ANS_SEX=female_STAGE=Stade_I_MUT=BRAF_TYPE=PTC
TCGA-J8-A3YG,54,female,Stade,NO,PTC,0,ID=TCGA-J8-A3YG_AGE=54ANS_SEX=female_STAGE=Stade_III_MUT=NO_CANONICAL_DRIVER_TYPE=PTC
TCGA-DE-A69J,34,female,Stade,NO,PTC,0,ID=TCGA-DE-A69J_AGE=34ANS_SEX=female_STAGE=Stade_I_MUT=NO_CANONICAL_DRIVER_TYPE=PTC
TCGA-E8-A419,30,female,Stade,BRAF,PTC,0,ID=TCGA-E8-A419_AGE=30ANS_SEX=female_STAGE=Stade_I_MUT=BRAF_TYPE=PTC
TCGA-DJ-A2Q2,57,female,Stade,NO,PTC,1,ID=TCGA-DJ-A2Q2_AGE=57ANS_SEX=female_STAGE=Stade_III_MUT=NO_CANONICAL_DRIVER_TYPE=PTC
TCGA-BJ-A0ZG,80,male,Stade,EIF1AX,PTC,1,ID=TCGA-BJ-A0ZG_AGE=80ANS_SEX=male_STAGE=Stade_I_MUT=EIF1AX_TYPE=PTC
TCGA-EM-A2OW,37,female,Stade,NO,PTC,1,ID=TCGA-EM-A2OW_AGE=37ANS_SEX=female_STAGE=Stade_I_MUT=NO_CANONICAL_DRIVER_TYPE=PTC
TCGA-BJ-A3F0,64,female,Stade,NO,PTC,1,ID=TCGA-BJ-A3F0_AGE=64ANS_SEX=female_STAGE=Stade_I_MUT=NO_CANONICAL_DRIVER_TYPE=PTC
TCGA-EL-A3CY,28,male,Stage,NO,PTC,0,ID=TCGA-EL-A3CY_AGE=28ANS_SEX=male_STAGE=Stage_NA_MUT=NO_CANONICAL_DRIVER_TYPE=PTC
TCGA-EM-A3AQ,85,female,Stade,NO,PTC,0,ID=TCGA-EM-A3AQ_AGE=85ANS_SEX=female_STAGE=Stade_I_MUT=NO_CANONICAL_DRIVER_TYPE=PTC
TCGA-J8-A3NZ,52,female,Stade,BRAF,PTC,0,ID=TCGA-J8-A3NZ_AGE=52ANS_SEX=female_STAGE=Stade_III_MUT=BRAF_TYPE=PTC
TCGA-J8-A3YF,83,male,Stade,NO,PTC,0,ID=TCGA-J8-A3YF_AGE=83ANS_SEX=male_STAGE=Stade_III_MUT=NO_CANONICAL_DRIVER_TYPE=PTC
TCGA-ET-A25I,37,female,Stade,RAS,PTC,1,ID=TCGA-ET-A25I_AGE=37ANS_SEX=female_STAGE=Stade_I_MUT=RAS_TYPE=PTC
TCGA-DJ-A3VI,52,female,Stade,NO,PTC,0,ID=TCGA-DJ-A3VI_AGE=52ANS_SEX=female_STAGE=Stade_III_MUT=NO_CANONICAL_DRIVER_TYPE=PTC
TCGA-CE-A3MD,31,male,Stade,NO,PTC,0,ID=TCGA-CE-A3MD_AGE=31ANS_SEX=male_STAGE=Stade_I_MUT=NO_CANONICAL_DRIVER_TYPE=PTC
TCGA-DJ-A2Q5,51,male,Stade,BRAF,PTC,0,ID=TCGA-DJ-A2Q5_AGE=51ANS_SEX=male_STAGE=Stade_IV_MUT=BRAF_TYPE=PTC
TCGA-EM-A22P,64,male,Stade,BRAF,PTC,0,ID=TCGA-EM-A22P_AGE=64ANS_SEX=male_STAGE=Stade_IV_MUT=BRAF_TYPE=PTC
TCGA-EL-A4KI,63,male,Stade,RAS,PTC,1,ID=TCGA-EL-A4KI_AGE=63ANS_SEX=male_STAGE=Stade_III_MUT=RAS_TYPE=PTC
TCGA-EL-A3ZN,28,female,Stade,NO,PTC,0,ID=TCGA-EL-A3ZN_AGE=28ANS_SEX=female_STAGE=Stade_I_MUT=NO_CANONICAL_DRIVER_TYPE=PTC
TCGA-DJ-A1QN,42,female,Stade,BRAF,PTC,0,ID=TCGA-DJ-A1QN_AGE=42ANS_SEX=female_STAGE=Stade_I_MUT=BRAF_TYPE=PTC
TCGA-BJ-A2N9,42,female,Stade,NO,PTC,1,ID=TCGA-BJ-A2N9_AGE=42ANS_SEX=female_STAGE=Stade_I_MUT=NO_CANONICAL_DRIVER_TYPE=PTC
TCGA-DE-A7U5,36,female,Stade,NO,PTC,0,ID=TCGA-DE-A7U5_AGE=36ANS_SEX=female_STAGE=Stade_I_MUT=NO_CANONICAL_DRIVER_TYPE=PTC
TCGA-EL-A3D6,51,female,Stade,BRAF,PTC,0,ID=TCGA-EL-A3D6_AGE=51ANS_SEX=female_STAGE=Stade_III_MUT=BRAF_TYPE=PTC
TCGA-E8-A414,45,female,Stade,NO,PTC,0,ID=TCGA-E8-A414_AGE=45ANS_SEX=female_STAGE=Stade_III_MUT=NO_CANONICAL_DRIVER_TYPE=PTC
TCGA-DJ-A4UP,15,female,Stade,NO,PTC,0,ID=TCGA-DJ-A4UP_AGE=15ANS_SEX=female_STAGE=Stade_I_MUT=NO_CANONICAL_DRIVER_TYPE=PTC
TCGA-EL-A3CM,64,female,Stade,BRAF,PTC,0,ID=TCGA-EL-A3CM_AGE=64ANS_SEX=female_STAGE=Stade_III_MUT=BRAF_TYPE=PTC
TCGA-BJ-A3PT,51,female,Stade,RAS,PTC,1,ID=TCGA-BJ-A3PT_AGE=51ANS_SEX=female_STAGE=Stade_III_MUT=RAS_TYPE=PTC
TCGA-ET-A3BW,30,female,Stade,BRAF,PTC,0,ID=TCGA-ET-A3BW_AGE=30ANS_SEX=female_STAGE=Stade_I_MUT=BRAF_TYPE=PTC
TCGA-EL-A3GZ,34,female,Stade,BRAF,PTC,0,ID=TCGA-EL-A3GZ_AGE=34ANS_SEX=female_STAGE=Stade_I_MUT=BRAF_TYPE=PTC
TCGA-E8-A44M,23,female,Stade,NO,PTC,0,ID=TCGA-E8-A44M_AGE=23ANS_SEX=female_STAGE=Stade_I_MUT=NO_CANONICAL_DRIVER_TYPE=PTC
TCGA-DJ-A3V9,50,female,Stade,NO,PTC,0,ID=TCGA-DJ-A3V9_AGE=50ANS_SEX=female_STAGE=Stade_IV_MUT=NO_CANONICAL_DRIVER_TYPE=PTC
TCGA-DJ-A13X,51,female,Stade,BRAF,PTC,0,ID=TCGA-DJ-A13X_AGE=51ANS_SEX=female_STAGE=Stade_III_MUT=BRAF_TYPE=PTC
TCGA-EM-A3O6,54,female,Stade,NO,PTC,1,ID=TCGA-EM-A3O6_AGE=54ANS_SEX=female_STAGE=Stade_II_MUT=NO_CANONICAL_DRIVER_TYPE=PTC
TCGA-EM-A4FH,69,male,Stade,NO,PTC,1,ID=TCGA-EM-A4FH_AGE=69ANS_SEX=male_STAGE=Stade_III_MUT=NO_CANONICAL_DRIVER_TYPE=PTC
TCGA-ET-A3DW,64,male,Stade,BRAF,PTC,0,ID=TCGA-ET-A3DW_AGE=64ANS_SEX=male_STAGE=Stade_III_MUT=BRAF_TYPE=PTC
TCGA-ET-A39P,73,female,Stade,BRAF,PTC,0,ID=TCGA-ET-A39P_AGE=73ANS_SEX=female_STAGE=Stade_III_MUT=BRAF_TYPE=PTC
TCGA-BJ-A3PU,52,male,Stage,BRAF,PTC,0,ID=TCGA-BJ-A3PU_AGE=52ANS_SEX=male_STAGE=Stage_NA_MUT=BRAF_TYPE=PTC
TCGA-EM-A2CN,62,male,Stade,RAS,PTC,1,ID=TCGA-EM-A2CN_AGE=62ANS_SEX=male_STAGE=Stade_IV_MUT=RAS_TYPE=PTC
TCGA-FY-A40N,55,female,Stade,NO,PTC,0,ID=TCGA-FY-A40N_AGE=55ANS_SEX=female_STAGE=Stade_I_MUT=NO_CANONICAL_DRIVER_TYPE=PTC
TCGA-ET-A3BU,28,male,Stade,BRAF,PTC,0,ID=TCGA-ET-A3BU_AGE=28ANS_SEX=male_STAGE=Stade_I_MUT=BRAF_TYPE=PTC
TCGA-KS-A4IC,45,female,Stade,NO,PTC,0,ID=TCGA-KS-A4IC_AGE=45ANS_SEX=female_STAGE=Stade_III_MUT=NO_CANONICAL_DRIVER_TYPE=PTC
TCGA-J8-A3YD,47,female,Stade,NO,PTC,0,ID=TCGA-J8-A3YD_AGE=47ANS_SEX=female_STAGE=Stade_III_MUT=NO_CANONICAL_DRIVER_TYPE=PTC
TCGA-EM-A4FQ,42,female,Stade,BRAF,PTC,0,ID=TCGA-EM-A4FQ_AGE=42ANS_SEX=female_STAGE=Stade_I_MUT=BRAF_TYPE=PTC
TCGA-FY-A3WA,52,female,Stade,NO,PTC,1,ID=TCGA-FY-A3WA_AGE=52ANS_SEX=female_STAGE=Stade_I_MUT=NO_CANONICAL_DRIVER_TYPE=PTC
TCGA-ET-A2MX,27,male,Stade,NO,PTC,0,ID=TCGA-ET-A2MX_AGE=27ANS_SEX=male_STAGE=Stade_I_MUT=NO_CANONICAL_DRIVER_TYPE=PTC
TCGA-FY-A3I5,64,female,Stade,NO,PTC,1,ID=TCGA-FY-A3I5_AGE=64ANS_SEX=female_STAGE=Stade_III_MUT=NO_CANONICAL_DRIVER_TYPE=PTC
TCGA-EM-A2OV,64,female,Stade,NO,PTC,1,ID=TCGA-EM-A2OV_AGE=64ANS_SEX=female_STAGE=Stade_II_MUT=NO_CANONICAL_DRIVER_TYPE=PTC
TCGA-E3-A3E3,49,female,Stage,BRAF,PTC,0,ID=TCGA-E3-A3E3_AGE=49ANS_SEX=female_STAGE=Stage_NA_MUT=BRAF_TYPE=PTC
TCGA-ET-A3BQ,27,female,Stade,BRAF,PTC,0,ID=TCGA-ET-A3BQ_AGE=27ANS_SEX=female_STAGE=Stade_I_MUT=BRAF_TYPE=PTC
TCGA-J8-A3O0,38,male,Stade,RAS,PTC,0,ID=TCGA-J8-A3O0_AGE=38ANS_SEX=male_STAGE=Stade_I_MUT=RAS_TYPE=PTC
TCGA-EL-A3CL,70,female,Stade,BRAF,PTC,0,ID=TCGA-EL-A3CL_AGE=70ANS_SEX=female_STAGE=Stade_II_MUT=BRAF_TYPE=PTC
TCGA-EL-A3T3,63,male,Stade,BRAF,PTC,0,ID=TCGA-EL-A3T3_AGE=63ANS_SEX=male_STAGE=Stade_II_MUT=BRAF_TYPE=PTC
TCGA-ET-A25J,40,female,Stade,BRAF,PTC,0,ID=TCGA-ET-A25J_AGE=40ANS_SEX=female_STAGE=Stade_I_MUT=BRAF_TYPE=PTC
TCGA-EL-A3ZT,35,male,Stade,BRAF,PTC,0,ID=TCGA-EL-A3ZT_AGE=35ANS_SEX=male_STAGE=Stade_I_MUT=BRAF_TYPE=PTC
TCGA-EM-A3AI,67,female,Stade,NO,PTC,1,ID=TCGA-EM-A3AI_AGE=67ANS_SEX=female_STAGE=Stade_II_MUT=NO_CANONICAL_DRIVER_TYPE=PTC
TCGA-EM-A22O,75,male,Stade,BRAF,PTC,1,ID=TCGA-EM-A22O_AGE=75ANS_SEX=male_STAGE=Stade_IV_MUT=BRAF_TYPE=PTC
TCGA-ET-A40Q,38,male,Stage,NO,PTC,0,ID=TCGA-ET-A40Q_AGE=38ANS_SEX=male_STAGE=Stage_NA_MUT=NO_CANONICAL_DRIVER_TYPE=PTC
TCGA-FY-A4B0,76,male,Stade,NO,PTC,1,ID=TCGA-FY-A4B0_AGE=76ANS_SEX=male_STAGE=Stade_I_MUT=NO_CANONICAL_DRIVER_TYPE=PTC
TCGA-ET-A39K,48,female,Stade,BRAF,PTC,0,ID=TCGA-ET-A39K_AGE=48ANS_SEX=female_STAGE=Stade_III_MUT=BRAF_TYPE=PTC
TCGA-EM-A2CQ,40,female,Stade,RAS,PTC,1,ID=TCGA-EM-A2CQ_AGE=40ANS_SEX=female_STAGE=Stade_I_MUT=RAS_TYPE=PTC
TCGA-EM-A2CS,51,female,Stade,NO,PTC,0,ID=TCGA-EM-A2CS_AGE=51ANS_SEX=female_STAGE=Stade_IV_MUT=NO_CANONICAL_DRIVER_TYPE=PTC
TCGA-FY-A40M,51,female,Stade,NO,PTC,0,ID=TCGA-FY-A40M_AGE=51ANS_SEX=female_STAGE=Stade_I_MUT=NO_CANONICAL_DRIVER_TYPE=PTC
TCGA-ET-A4KN,51,female,Stade,NO,PTC,0,ID=TCGA-ET-A4KN_AGE=51ANS_SEX=female_STAGE=Stade_III_MUT=NO_CANONICAL_DRIVER_TYPE=PTC
TCGA-KS-A41I,47,female,Stade,NO,PTC,1,ID=TCGA-KS-A41I_AGE=47ANS_SEX=female_STAGE=Stade_I_MUT=NO_CANONICAL_DRIVER_TYPE=PTC
TCGA-DJ-A4UL,68,female,Stade,BRAF,PTC,0,ID=TCGA-DJ-A4UL_AGE=68ANS_SEX=female_STAGE=Stade_I_MUT=BRAF_TYPE=PTC
TCGA-ET-A40P,32,female,Stade,NO,PTC,1,ID=TCGA-ET-A40P_AGE=32ANS_SEX=female_STAGE=Stade_I_MUT=NO_CANONICAL_DRIVER_TYPE=PTC
TCGA-DJ-A3V5,76,female,Stade,NO,PTC,0,ID=TCGA-DJ-A3V5_AGE=76ANS_SEX=female_STAGE=Stade_III_MUT=NO_CANONICAL_DRIVER_TYPE=PTC
TCGA-FE-A22Z,61,female,Stage,BRAF,PTC,0,ID=TCGA-FE-A22Z_AGE=61ANS_SEX=female_STAGE=Stage_NA_MUT=BRAF_TYPE=PTC
TCGA-FE-A237,19,female,Stage,BRAF,PTC,0,ID=TCGA-FE-A237_AGE=19ANS_SEX=female_STAGE=Stage_NA_MUT=BRAF_TYPE=PTC
TCGA-FK-A3SG,21,female,Stade,NO,PTC,0,ID=TCGA-FK-A3SG_AGE=21ANS_SEX=female_STAGE=Stade_I_MUT=NO_CANONICAL_DRIVER_TYPE=PTC
TCGA-GE-A2C6,33,female,Stade,BRAF,PTC,0,ID=TCGA-GE-A2C6_AGE=33ANS_SEX=female_STAGE=Stade_I_MUT=BRAF_TYPE=PTC
TCGA-EM-A22Q,36,male,Stade,RAS,PTC,1,ID=TCGA-EM-A22Q_AGE=36ANS_SEX=male_STAGE=Stade_I_MUT=RAS_TYPE=PTC
TCGA-FY-A3W9,66,female,Stade,RAS,PTC,1,ID=TCGA-FY-A3W9_AGE=66ANS_SEX=female_STAGE=Stade_II_MUT=RAS_TYPE=PTC
TCGA-DE-A4MC,43,female,Stage,NO,PTC,0,ID=TCGA-DE-A4MC_AGE=43ANS_SEX=female_STAGE=Stage_NA_MUT=NO_CANONICAL_DRIVER_TYPE=PTC
TCGA-EL-A4K9,68,male,Stade,NO,PTC,0,ID=TCGA-EL-A4K9_AGE=68ANS_SEX=male_STAGE=Stade_II_MUT=NO_CANONICAL_DRIVER_TYPE=PTC
TCGA-FK-A3SB,28,female,Stade,BRAF,PTC,0,ID=TCGA-FK-A3SB_AGE=28ANS_SEX=female_STAGE=Stade_I_MUT=BRAF_TYPE=PTC
TCGA-H2-A422,40,female,Stade,NO,PTC,0,ID=TCGA-H2-A422_AGE=40ANS_SEX=female_STAGE=Stade_I_MUT=NO_CANONICAL_DRIVER_TYPE=PTC
TCGA-EM-A3FM,57,male,Stade,BRAF,PTC,0,ID=TCGA-EM-A3FM_AGE=57ANS_SEX=male_STAGE=Stade_IV_MUT=BRAF_TYPE=PTC
TCGA-DJ-A13S,19,female,Stade,RAS,PTC,1,ID=TCGA-DJ-A13S_AGE=19ANS_SEX=female_STAGE=Stade_I_MUT=RAS_TYPE=PTC
TCGA-EM-A3SY,36,male,Stade,NO,PTC,1,ID=TCGA-EM-A3SY_AGE=36ANS_SEX=male_STAGE=Stade_I_MUT=NO_CANONICAL_DRIVER_TYPE=PTC
TCGA-EM-A2P1,33,male,Stage,BRAF,PTC,0,ID=TCGA-EM-A2P1_AGE=33ANS_SEX=male_STAGE=Stage_NA_MUT=BRAF_TYPE=PTC
TCGA-EL-A3T1,38,female,Stade,BRAF,PTC,0,ID=TCGA-EL-A3T1_AGE=38ANS_SEX=female_STAGE=Stade_I_MUT=BRAF_TYPE=PTC
TCGA-DJ-A2PS,40,female,Stade,BRAF,PTC,0,ID=TCGA-DJ-A2PS_AGE=40ANS_SEX=female_STAGE=Stade_I_MUT=BRAF_TYPE=PTC
TCGA-EL-A3TB,47,female,Stade,NO,PTC,0,ID=TCGA-EL-A3TB_AGE=47ANS_SEX=female_STAGE=Stade_III_MUT=NO_CANONICAL_DRIVER_TYPE=PTC
TCGA-BJ-A45C,78,male,Stade,NO,PTC,1,ID=TCGA-BJ-A45C_AGE=78ANS_SEX=male_STAGE=Stade_III_MUT=NO_CANONICAL_DRIVER_TYPE=PTC
TCGA-DJ-A3UX,46,female,Stade,BRAF,PTC,0,ID=TCGA-DJ-A3UX_AGE=46ANS_SEX=female_STAGE=Stade_I_MUT=BRAF_TYPE=PTC
TCGA-DJ-A2PX,54,female,Stade,NO,PTC,0,ID=TCGA-DJ-A2PX_AGE=54ANS_SEX=female_STAGE=Stade_I_MUT=NO_CANONICAL_DRIVER_TYPE=PTC
TCGA-EL-A3ZS,22,female,Stade,NO,PTC,0,ID=TCGA-EL-A3ZS_AGE=22ANS_SEX=female_STAGE=Stade_I_MUT=NO_CANONICAL_DRIVER_TYPE=PTC
