"patient_id","sample_label","stage_simple","age_years","sex_short","cancer_type","mutation_group"
"TCGA-DJ-A2Q6","ID=TCGA-DJ-A2Q6_AGE=38ANS_SEX=female_STAGE=Stade_I_MUT=BRAF_TYPE=PTC","Stade_I",38,"female","PTC","BRAF"
"TCGA-FK-A3SE","ID=TCGA-FK-A3SE_AGE=31ANS_SEX=female_STAGE=Stade_I_MUT=NO_CANONICAL_DRIVER_TYPE=PTC","Stade_I",31,"female","PTC","NO_CANONICAL_DRIVER"
"TCGA-DJ-A2QA","ID=TCGA-DJ-A2QA_AGE=56ANS_SEX=female_STAGE=Stade_III_MUT=BRAF_TYPE=PTC","Stade_III",56,"female","PTC","BRAF"
"TCGA-FY-A2QD","ID=TCGA-FY-A2QD_AGE=61ANS_SEX=female_STAGE=Stage_NA_MUT=NO_CANONICAL_DRIVER_TYPE=PTC","Stage_NA",61,"female","PTC","NO_CANONICAL_DRIVER"
"TCGA-EL-A3GR","ID=TCGA-EL-A3GR_AGE=31ANS_SEX=female_STAGE=Stade_I_MUT=BRAF_TYPE=PTC","Stade_I",31,"female","PTC","BRAF"
"TCGA-EL-A3T7","ID=TCGA-EL-A3T7_AGE=47ANS_SEX=female_STAGE=Stade_II_MUT=BRAF_TYPE=PTC","Stade_II",47,"female","PTC","BRAF"
"TCGA-FE-A230","ID=TCGA-FE-A230_AGE=30ANS_SEX=female_STAGE=Stage_NA_MUT=BRAF_TYPE=PTC","Stage_NA",30,"female","PTC","BRAF"
"TCGA-EM-A3FO","ID=TCGA-EM-A3FO_AGE=40ANS_SEX=male_STAGE=Stade_I_MUT=BRAF_TYPE=PTC","Stade_I",40,"male","PTC","BRAF"
"TCGA-DJ-A3VB","ID=TCGA-DJ-A3VB_AGE=52ANS_SEX=male_STAGE=Stade_III_MUT=BRAF_TYPE=PTC","Stade_III",52,"male","PTC","BRAF"
"TCGA-BJ-A28X","ID=TCGA-BJ-A28X_AGE=32ANS_SEX=female_STAGE=Stade_I_MUT=BRAF_TYPE=PTC","Stade_I",32,"female","PTC","BRAF"
"TCGA-DJ-A2QB","ID=TCGA-DJ-A2QB_AGE=53ANS_SEX=female_STAGE=Stade_IV_MUT=RAS_TYPE=PTC","Stade_IV",53,"female","PTC","RAS"
"TCGA-DO-A1K0","ID=TCGA-DO-A1K0_AGE=30ANS_SEX=female_STAGE=Stade_I_MUT=BRAF_TYPE=PTC","Stade_I",30,"female","PTC","BRAF"
"TCGA-EL-A4KD","ID=TCGA-EL-A4KD_AGE=41ANS_SEX=male_STAGE=Stade_I_MUT=NO_CANONICAL_DRIVER_TYPE=PTC","Stade_I",41,"male","PTC","NO_CANONICAL_DRIVER"
"TCGA-L6-A4EU","ID=TCGA-L6-A4EU_AGE=58ANS_SEX=female_STAGE=Stade_III_MUT=BRAF_TYPE=PTC","Stade_III",58,"female","PTC","BRAF"
"TCGA-DJ-A3V0","ID=TCGA-DJ-A3V0_AGE=56ANS_SEX=male_STAGE=Stade_IV_MUT=NO_CANONICAL_DRIVER_TYPE=PTC","Stade_IV",56,"male","PTC","NO_CANONICAL_DRIVER"
"TCGA-EM-A2P2","ID=TCGA-EM-A2P2_AGE=46ANS_SEX=male_STAGE=Stade_III_MUT=NO_CANONICAL_DRIVER_TYPE=PTC","Stade_III",46,"male","PTC","NO_CANONICAL_DRIVER"
"TCGA-BJ-A45G","ID=TCGA-BJ-A45G_AGE=48ANS_SEX=female_STAGE=Stade_III_MUT=RAS_TYPE=PTC","Stade_III",48,"female","PTC","RAS"
"TCGA-FY-A3R7","ID=TCGA-FY-A3R7_AGE=50ANS_SEX=female_STAGE=Stade_III_MUT=BRAF_TYPE=PTC","Stade_III",50,"female","PTC","BRAF"
"TCGA-DJ-A3VG","ID=TCGA-DJ-A3VG_AGE=40ANS_SEX=male_STAGE=Stade_I_MUT=NO_CANONICAL_DRIVER_TYPE=PTC","Stade_I",40,"male","PTC","NO_CANONICAL_DRIVER"
"TCGA-ET-A25O","ID=TCGA-ET-A25O_AGE=35ANS_SEX=female_STAGE=Stade_I_MUT=BRAF_TYPE=PTC","Stade_I",35,"female","PTC","BRAF"
"TCGA-DJ-A3UR","ID=TCGA-DJ-A3UR_AGE=51ANS_SEX=female_STAGE=Stade_III_MUT=BRAF_TYPE=PTC","Stade_III",51,"female","PTC","BRAF"
"TCGA-E8-A415","ID=TCGA-E8-A415_AGE=39ANS_SEX=female_STAGE=Stade_I_MUT=BRAF_TYPE=PTC","Stade_I",39,"female","PTC","BRAF"
"TCGA-DJ-A4UR","ID=TCGA-DJ-A4UR_AGE=36ANS_SEX=female_STAGE=Stade_II_MUT=NO_CANONICAL_DRIVER_TYPE=PTC","Stade_II",36,"female","PTC","NO_CANONICAL_DRIVER"
"TCGA-BJ-A45I","ID=TCGA-BJ-A45I_AGE=51ANS_SEX=female_STAGE=Stade_III_MUT=BRAF_TYPE=PTC","Stade_III",51,"female","PTC","BRAF"
"TCGA-ET-A40S","ID=TCGA-ET-A40S_AGE=62ANS_SEX=male_STAGE=Stade_II_MUT=NO_CANONICAL_DRIVER_TYPE=PTC","Stade_II",62,"male","PTC","NO_CANONICAL_DRIVER"
"TCGA-EL-A3CZ","ID=TCGA-EL-A3CZ_AGE=37ANS_SEX=female_STAGE=Stage_NA_MUT=RAS_TYPE=PTC","Stage_NA",37,"female","PTC","RAS"
"TCGA-EM-A2P3","ID=TCGA-EM-A2P3_AGE=47ANS_SEX=female_STAGE=Stade_I_MUT=BRAF_TYPE=PTC","Stade_I",47,"female","PTC","BRAF"
"TCGA-BJ-A2N7","ID=TCGA-BJ-A2N7_AGE=30ANS_SEX=female_STAGE=Stade_I_MUT=RAS_TYPE=PTC","Stade_I",30,"female","PTC","RAS"
"TCGA-EL-A3GW","ID=TCGA-EL-A3GW_AGE=37ANS_SEX=female_STAGE=Stade_I_MUT=RAS_TYPE=PTC","Stade_I",37,"female","PTC","RAS"
"TCGA-DJ-A13P","ID=TCGA-DJ-A13P_AGE=52ANS_SEX=female_STAGE=Stade_II_MUT=BRAF_TYPE=PTC","Stade_II",52,"female","PTC","BRAF"
"TCGA-ET-A39O","ID=TCGA-ET-A39O_AGE=39ANS_SEX=male_STAGE=Stade_I_MUT=BRAF_TYPE=PTC","Stade_I",39,"male","PTC","BRAF"
"TCGA-IM-A3ED","ID=TCGA-IM-A3ED_AGE=58ANS_SEX=female_STAGE=Stade_I_MUT=BRAF_TYPE=PTC","Stade_I",58,"female","PTC","BRAF"
"TCGA-ET-A39L","ID=TCGA-ET-A39L_AGE=20ANS_SEX=female_STAGE=Stade_I_MUT=NO_CANONICAL_DRIVER_TYPE=PTC","Stade_I",20,"female","PTC","NO_CANONICAL_DRIVER"
"TCGA-FY-A3YR","ID=TCGA-FY-A3YR_AGE=64ANS_SEX=female_STAGE=Stade_III_MUT=NO_CANONICAL_DRIVER_TYPE=PTC","Stade_III",64,"female","PTC","NO_CANONICAL_DRIVER"
"TCGA-KS-A4IB","ID=TCGA-KS-A4IB_AGE=41ANS_SEX=female_STAGE=Stade_I_MUT=BRAF_TYPE=PTC","Stade_I",41,"female","PTC","BRAF"
"TCGA-EM-A3ST","ID=TCGA-EM-A3ST_AGE=62ANS_SEX=female_STAGE=Stade_III_MUT=NO_CANONICAL_DRIVER_TYPE=PTC","Stade_III",62,"female","PTC","NO_CANONICAL_DRIVER"
"TCGA-E8-A413","ID=TCGA-E8-A413_AGE=38ANS_SEX=female_STAGE=Stade_I_MUT=BRAF_TYPE=PTC","Stade_I",38,"female","PTC","BRAF"
"TCGA-EL-A3TA","ID=TCGA-EL-A3TA_AGE=42ANS_SEX=male_STAGE=Stade_I_MUT=BRAF_TYPE=PTC","Stade_I",42,"male","PTC","BRAF"
"TCGA-DJ-A2PW","ID=TCGA-DJ-A2PW_AGE=65ANS_SEX=male_STAGE=Stade_III_MUT=BRAF_TYPE=PTC","Stade_III",65,"male","PTC","BRAF"
"TCGA-DJ-A2PO","ID=TCGA-DJ-A2PO_AGE=54ANS_SEX=male_STAGE=Stade_I_MUT=NO_CANONICAL_DRIVER_TYPE=PTC","Stade_I",54,"male","PTC","NO_CANONICAL_DRIVER"
"TCGA-ET-A3BT","ID=TCGA-ET-A3BT_AGE=60ANS_SEX=female_STAGE=Stage_NA_MUT=BRAF_TYPE=PTC","Stage_NA",60,"female","PTC","BRAF"
"TCGA-EM-A2CJ","ID=TCGA-EM-A2CJ_AGE=49ANS_SEX=female_STAGE=Stade_I_MUT=NO_CANONICAL_DRIVER_TYPE=PTC","Stade_I",49,"female","PTC","NO_CANONICAL_DRIVER"
"TCGA-DJ-A3VD","ID=TCGA-DJ-A3VD_AGE=32ANS_SEX=female_STAGE=Stade_I_MUT=NO_CANONICAL_DRIVER_TYPE=PTC","Stade_I",32,"female","PTC","NO_CANONICAL_DRIVER"
"TCGA-DJ-A1QE","ID=TCGA-DJ-A1QE_AGE=61ANS_SEX=female_STAGE=Stade_III_MUT=BRAF_TYPE=PTC","Stade_III",61,"female","PTC","BRAF"
"TCGA-BJ-A0ZB","ID=TCGA-BJ-A0ZB_AGE=66ANS_SEX=male_STAGE=Stade_IV_MUT=BRAF_TYPE=PTC","Stade_IV",66,"male","PTC","BRAF"
"TCGA-IM-A3U3","ID=TCGA-IM-A3U3_AGE=55ANS_SEX=female_STAGE=Stade_I_MUT=BRAF_TYPE=PTC","Stade_I",55,"female","PTC","BRAF"
"TCGA-BJ-A45F","ID=TCGA-BJ-A45F_AGE=59ANS_SEX=female_STAGE=Stade_I_MUT=RAS_TYPE=PTC","Stade_I",59,"female","PTC","RAS"
"TCGA-EL-A4KG","ID=TCGA-EL-A4KG_AGE=35ANS_SEX=female_STAGE=Stade_I_MUT=BRAF_TYPE=PTC","Stade_I",35,"female","PTC","BRAF"
"TCGA-ET-A39S","ID=TCGA-ET-A39S_AGE=27ANS_SEX=female_STAGE=Stade_I_MUT=BRAF_TYPE=PTC","Stade_I",27,"female","PTC","BRAF"
"TCGA-E8-A436","ID=TCGA-E8-A436_AGE=53ANS_SEX=female_STAGE=Stade_IV_MUT=BRAF_TYPE=PTC","Stade_IV",53,"female","PTC","BRAF"
"TCGA-EM-A22K","ID=TCGA-EM-A22K_AGE=46ANS_SEX=female_STAGE=Stade_IV_MUT=RAS_TYPE=PTC","Stade_IV",46,"female","PTC","RAS"
"TCGA-E3-A3DY","ID=TCGA-E3-A3DY_AGE=37ANS_SEX=male_STAGE=Stade_I_MUT=BRAF_TYPE=PTC","Stade_I",37,"male","PTC","BRAF"
"TCGA-KS-A4I7","ID=TCGA-KS-A4I7_AGE=61ANS_SEX=female_STAGE=Stade_I_MUT=NO_CANONICAL_DRIVER_TYPE=PTC","Stade_I",61,"female","PTC","NO_CANONICAL_DRIVER"
"TCGA-4C-A93U","ID=TCGA-4C-A93U_AGE=74ANS_SEX=female_STAGE=Stade_IV_MUT=NO_CANONICAL_DRIVER_TYPE=PTC","Stade_IV",74,"female","PTC","NO_CANONICAL_DRIVER"
"TCGA-ET-A25G","ID=TCGA-ET-A25G_AGE=56ANS_SEX=female_STAGE=Stade_III_MUT=BRAF_TYPE=PTC","Stade_III",56,"female","PTC","BRAF"
"TCGA-EL-A3H4","ID=TCGA-EL-A3H4_AGE=46ANS_SEX=female_STAGE=Stade_IV_MUT=BRAF_TYPE=PTC","Stade_IV",46,"female","PTC","BRAF"
"TCGA-EL-A3ZL","ID=TCGA-EL-A3ZL_AGE=34ANS_SEX=female_STAGE=Stade_I_MUT=NO_CANONICAL_DRIVER_TYPE=PTC","Stade_I",34,"female","PTC","NO_CANONICAL_DRIVER"
"TCGA-DJ-A3VE","ID=TCGA-DJ-A3VE_AGE=50ANS_SEX=male_STAGE=Stade_I_MUT=BRAF_TYPE=PTC","Stade_I",50,"male","PTC","BRAF"
"TCGA-DJ-A1QL","ID=TCGA-DJ-A1QL_AGE=70ANS_SEX=male_STAGE=Stade_II_MUT=NO_CANONICAL_DRIVER_TYPE=PTC","Stade_II",70,"male","PTC","NO_CANONICAL_DRIVER"
"TCGA-FE-A234","ID=TCGA-FE-A234_AGE=26ANS_SEX=female_STAGE=Stage_NA_MUT=BRAF_TYPE=PTC","Stage_NA",26,"female","PTC","BRAF"
"TCGA-H2-A26U","ID=TCGA-H2-A26U_AGE=54ANS_SEX=female_STAGE=Stade_III_MUT=BRAF_TYPE=PTC","Stade_III",54,"female","PTC","BRAF"
"TCGA-EM-A1CS","ID=TCGA-EM-A1CS_AGE=55ANS_SEX=female_STAGE=Stade_I_MUT=NO_CANONICAL_DRIVER_TYPE=PTC","Stade_I",55,"female","PTC","NO_CANONICAL_DRIVER"
"TCGA-CE-A484","ID=TCGA-CE-A484_AGE=37ANS_SEX=female_STAGE=Stade_I_MUT=NO_CANONICAL_DRIVER_TYPE=PTC","Stade_I",37,"female","PTC","NO_CANONICAL_DRIVER"
"TCGA-ET-A39M","ID=TCGA-ET-A39M_AGE=34ANS_SEX=male_STAGE=Stade_I_MUT=BRAF_TYPE=PTC","Stade_I",34,"male","PTC","BRAF"
"TCGA-BJ-A2P4","ID=TCGA-BJ-A2P4_AGE=29ANS_SEX=female_STAGE=Stade_I_MUT=RAS_TYPE=PTC","Stade_I",29,"female","PTC","RAS"
"TCGA-ET-A2MY","ID=TCGA-ET-A2MY_AGE=72ANS_SEX=female_STAGE=Stade_I_MUT=BRAF_TYPE=PTC","Stade_I",72,"female","PTC","BRAF"
"TCGA-EL-A3ZP","ID=TCGA-EL-A3ZP_AGE=19ANS_SEX=male_STAGE=Stade_I_MUT=NO_CANONICAL_DRIVER_TYPE=PTC","Stade_I",19,"male","PTC","NO_CANONICAL_DRIVER"
"TCGA-E8-A418","ID=TCGA-E8-A418_AGE=75ANS_SEX=female_STAGE=Stade_IV_MUT=BRAF_TYPE=PTC","Stade_IV",75,"female","PTC","BRAF"
"TCGA-DJ-A2Q4","ID=TCGA-DJ-A2Q4_AGE=53ANS_SEX=male_STAGE=Stade_III_MUT=BRAF_TYPE=PTC","Stade_III",53,"male","PTC","BRAF"
"TCGA-EL-A3MW","ID=TCGA-EL-A3MW_AGE=55ANS_SEX=female_STAGE=Stade_II_MUT=BRAF_TYPE=PTC","Stade_II",55,"female","PTC","BRAF"
"TCGA-BJ-A0YZ","ID=TCGA-BJ-A0YZ_AGE=65ANS_SEX=male_STAGE=Stade_II_MUT=NO_CANONICAL_DRIVER_TYPE=PTC","Stade_II",65,"male","PTC","NO_CANONICAL_DRIVER"
"TCGA-E8-A2JQ","ID=TCGA-E8-A2JQ_AGE=18ANS_SEX=female_STAGE=Stade_I_MUT=NO_CANONICAL_DRIVER_TYPE=PTC","Stade_I",18,"female","PTC","NO_CANONICAL_DRIVER"
"TCGA-FY-A3NM","ID=TCGA-FY-A3NM_AGE=48ANS_SEX=female_STAGE=Stade_III_MUT=NO_CANONICAL_DRIVER_TYPE=PTC","Stade_III",48,"female","PTC","NO_CANONICAL_DRIVER"
"TCGA-EM-A4FN","ID=TCGA-EM-A4FN_AGE=49ANS_SEX=female_STAGE=Stade_IV_MUT=NO_CANONICAL_DRIVER_TYPE=PTC","Stade_IV",49,"female","PTC","NO_CANONICAL_DRIVER"
"TCGA-EL-A3H7","ID=TCGA-EL-A3H7_AGE=36ANS_SEX=female_STAGE=Stade_I_MUT=BRAF_TYPE=PTC","Stade_I",36,"female","PTC","BRAF"
"TCGA-DJ-A1QF","ID=TCGA-DJ-A1QF_AGE=61ANS_SEX=female_STAGE=Stade_II_MUT=BRAF_TYPE=PTC","Stade_II",61,"female","PTC","BRAF"
"TCGA-BJ-A2NA","ID=TCGA-BJ-A2NA_AGE=77ANS_SEX=male_STAGE=Stade_III_MUT=BRAF_TYPE=PTC","Stade_III",77,"male","PTC","BRAF"
"TCGA-BJ-A3PR","ID=TCGA-BJ-A3PR_AGE=69ANS_SEX=female_STAGE=Stade_I_MUT=BRAF_TYPE=PTC","Stade_I",69,"female","PTC","BRAF"
"TCGA-KS-A4I3","ID=TCGA-KS-A4I3_AGE=41ANS_SEX=male_STAGE=Stade_I_MUT=NO_CANONICAL_DRIVER_TYPE=PTC","Stade_I",41,"male","PTC","NO_CANONICAL_DRIVER"
"TCGA-DJ-A2PY","ID=TCGA-DJ-A2PY_AGE=46ANS_SEX=female_STAGE=Stade_III_MUT=BRAF_TYPE=PTC","Stade_III",46,"female","PTC","BRAF"
"TCGA-EL-A3CO","ID=TCGA-EL-A3CO_AGE=88ANS_SEX=male_STAGE=Stade_III_MUT=EIF1AX_TYPE=PTC","Stade_III",88,"male","PTC","EIF1AX"
"TCGA-EL-A4K2","ID=TCGA-EL-A4K2_AGE=43ANS_SEX=female_STAGE=Stade_I_MUT=RAS_TYPE=PTC","Stade_I",43,"female","PTC","RAS"
"TCGA-FE-A23A","ID=TCGA-FE-A23A_AGE=27ANS_SEX=female_STAGE=Stade_I_MUT=BRAF_TYPE=PTC","Stade_I",27,"female","PTC","BRAF"
"TCGA-EL-A4K1","ID=TCGA-EL-A4K1_AGE=68ANS_SEX=female_STAGE=Stade_III_MUT=NO_CANONICAL_DRIVER_TYPE=PTC","Stade_III",68,"female","PTC","NO_CANONICAL_DRIVER"
"TCGA-DJ-A3VF","ID=TCGA-DJ-A3VF_AGE=60ANS_SEX=female_STAGE=Stade_IV_MUT=BRAF_TYPE=PTC","Stade_IV",60,"female","PTC","BRAF"
"TCGA-CE-A482","ID=TCGA-CE-A482_AGE=27ANS_SEX=female_STAGE=Stade_I_MUT=NO_CANONICAL_DRIVER_TYPE=PTC","Stade_I",27,"female","PTC","NO_CANONICAL_DRIVER"
"TCGA-EM-A3SU","ID=TCGA-EM-A3SU_AGE=43ANS_SEX=female_STAGE=Stade_I_MUT=NO_CANONICAL_DRIVER_TYPE=PTC","Stade_I",43,"female","PTC","NO_CANONICAL_DRIVER"
"TCGA-FE-A3PC","ID=TCGA-FE-A3PC_AGE=37ANS_SEX=female_STAGE=Stade_I_MUT=BRAF_TYPE=PTC","Stade_I",37,"female","PTC","BRAF"
"TCGA-EM-A3FQ","ID=TCGA-EM-A3FQ_AGE=19ANS_SEX=female_STAGE=Stade_I_MUT=NO_CANONICAL_DRIVER_TYPE=PTC","Stade_I",19,"female","PTC","NO_CANONICAL_DRIVER"
"TCGA-EL-A3GO","ID=TCGA-EL-A3GO_AGE=31ANS_SEX=female_STAGE=Stade_I_MUT=NO_CANONICAL_DRIVER_TYPE=PTC","Stade_I",31,"female","PTC","NO_CANONICAL_DRIVER"
"TCGA-E8-A44K","ID=TCGA-E8-A44K_AGE=50ANS_SEX=female_STAGE=Stade_I_MUT=BRAF_TYPE=PTC","Stade_I",50,"female","PTC","BRAF"
"TCGA-DJ-A3UZ","ID=TCGA-DJ-A3UZ_AGE=70ANS_SEX=female_STAGE=Stade_III_MUT=NO_CANONICAL_DRIVER_TYPE=PTC","Stade_III",70,"female","PTC","NO_CANONICAL_DRIVER"
"TCGA-BJ-A0ZE","ID=TCGA-BJ-A0ZE_AGE=63ANS_SEX=female_STAGE=Stade_III_MUT=RAS_TYPE=PTC","Stade_III",63,"female","PTC","RAS"
"TCGA-E8-A432","ID=TCGA-E8-A432_AGE=57ANS_SEX=female_STAGE=Stage_NA_MUT=NO_CANONICAL_DRIVER_TYPE=PTC","Stage_NA",57,"female","PTC","NO_CANONICAL_DRIVER"
"TCGA-BJ-A18Y","ID=TCGA-BJ-A18Y_AGE=29ANS_SEX=male_STAGE=Stade_I_MUT=RAS_TYPE=PTC","Stade_I",29,"male","PTC","RAS"
"TCGA-DJ-A4UT","ID=TCGA-DJ-A4UT_AGE=32ANS_SEX=female_STAGE=Stade_I_MUT=NO_CANONICAL_DRIVER_TYPE=PTC","Stade_I",32,"female","PTC","NO_CANONICAL_DRIVER"
"TCGA-ET-A40R","ID=TCGA-ET-A40R_AGE=24ANS_SEX=female_STAGE=Stade_I_MUT=NO_CANONICAL_DRIVER_TYPE=PTC","Stade_I",24,"female","PTC","NO_CANONICAL_DRIVER"
"TCGA-EM-A2CR","ID=TCGA-EM-A2CR_AGE=46ANS_SEX=female_STAGE=Stade_II_MUT=RAS_TYPE=PTC","Stade_II",46,"female","PTC","RAS"
"TCGA-J8-A4HY","ID=TCGA-J8-A4HY_AGE=68ANS_SEX=female_STAGE=Stade_IV_MUT=NO_CANONICAL_DRIVER_TYPE=PTC","Stade_IV",68,"female","PTC","NO_CANONICAL_DRIVER"
"TCGA-DJ-A3UP","ID=TCGA-DJ-A3UP_AGE=38ANS_SEX=female_STAGE=Stade_I_MUT=RAS_TYPE=PTC","Stade_I",38,"female","PTC","RAS"
"TCGA-EM-A3FR","ID=TCGA-EM-A3FR_AGE=55ANS_SEX=female_STAGE=Stade_III_MUT=NO_CANONICAL_DRIVER_TYPE=PTC","Stade_III",55,"female","PTC","NO_CANONICAL_DRIVER"
"TCGA-ET-A4KQ","ID=TCGA-ET-A4KQ_AGE=45ANS_SEX=female_STAGE=Stade_II_MUT=NO_CANONICAL_DRIVER_TYPE=PTC","Stade_II",45,"female","PTC","NO_CANONICAL_DRIVER"
"TCGA-CE-A481","ID=TCGA-CE-A481_AGE=41ANS_SEX=female_STAGE=Stade_I_MUT=NO_CANONICAL_DRIVER_TYPE=PTC","Stade_I",41,"female","PTC","NO_CANONICAL_DRIVER"
"TCGA-EM-A3O3","ID=TCGA-EM-A3O3_AGE=83ANS_SEX=female_STAGE=Stade_III_MUT=BRAF_TYPE=PTC","Stade_III",83,"female","PTC","BRAF"
"TCGA-EM-A2CP","ID=TCGA-EM-A2CP_AGE=26ANS_SEX=female_STAGE=Stade_I_MUT=NO_CANONICAL_DRIVER_TYPE=PTC","Stade_I",26,"female","PTC","NO_CANONICAL_DRIVER"
"TCGA-EL-A3H3","ID=TCGA-EL-A3H3_AGE=19ANS_SEX=female_STAGE=Stade_I_MUT=NO_CANONICAL_DRIVER_TYPE=PTC","Stade_I",19,"female","PTC","NO_CANONICAL_DRIVER"
"TCGA-EL-A3CS","ID=TCGA-EL-A3CS_AGE=62ANS_SEX=female_STAGE=Stade_IV_MUT=NO_CANONICAL_DRIVER_TYPE=PTC","Stade_IV",62,"female","PTC","NO_CANONICAL_DRIVER"
"TCGA-BJ-A0Z3","ID=TCGA-BJ-A0Z3_AGE=33ANS_SEX=female_STAGE=Stade_I_MUT=BRAF_TYPE=PTC","Stade_I",33,"female","PTC","BRAF"
"TCGA-DJ-A2PT","ID=TCGA-DJ-A2PT_AGE=70ANS_SEX=female_STAGE=Stade_III_MUT=BRAF_TYPE=PTC","Stade_III",70,"female","PTC","BRAF"
"TCGA-ET-A39I","ID=TCGA-ET-A39I_AGE=83ANS_SEX=female_STAGE=Stade_I_MUT=RAS_TYPE=PTC","Stade_I",83,"female","PTC","RAS"
"TCGA-FK-A3SD","ID=TCGA-FK-A3SD_AGE=61ANS_SEX=female_STAGE=Stade_I_MUT=NO_CANONICAL_DRIVER_TYPE=PTC","Stade_I",61,"female","PTC","NO_CANONICAL_DRIVER"
"TCGA-DJ-A13W","ID=TCGA-DJ-A13W_AGE=45ANS_SEX=female_STAGE=Stade_I_MUT=NO_CANONICAL_DRIVER_TYPE=PTC","Stade_I",45,"female","PTC","NO_CANONICAL_DRIVER"
"TCGA-DJ-A13R","ID=TCGA-DJ-A13R_AGE=50ANS_SEX=male_STAGE=Stade_III_MUT=NO_CANONICAL_DRIVER_TYPE=PTC","Stade_III",50,"male","PTC","NO_CANONICAL_DRIVER"
"TCGA-DJ-A1QI","ID=TCGA-DJ-A1QI_AGE=63ANS_SEX=female_STAGE=Stade_II_MUT=BRAF_TYPE=PTC","Stade_II",63,"female","PTC","BRAF"
"TCGA-EL-A3ZK","ID=TCGA-EL-A3ZK_AGE=41ANS_SEX=female_STAGE=Stade_I_MUT=NO_CANONICAL_DRIVER_TYPE=PTC","Stade_I",41,"female","PTC","NO_CANONICAL_DRIVER"
"TCGA-EL-A4JZ","ID=TCGA-EL-A4JZ_AGE=55ANS_SEX=female_STAGE=Stade_III_MUT=BRAF_TYPE=PTC","Stade_III",55,"female","PTC","BRAF"
"TCGA-ET-A2N4","ID=TCGA-ET-A2N4_AGE=53ANS_SEX=female_STAGE=Stade_III_MUT=BRAF_TYPE=PTC","Stade_III",53,"female","PTC","BRAF"
"TCGA-ET-A3DS","ID=TCGA-ET-A3DS_AGE=33ANS_SEX=female_STAGE=Stade_I_MUT=NO_CANONICAL_DRIVER_TYPE=PTC","Stade_I",33,"female","PTC","NO_CANONICAL_DRIVER"
"TCGA-EL-A3D4","ID=TCGA-EL-A3D4_AGE=62ANS_SEX=male_STAGE=Stade_IV_MUT=NO_CANONICAL_DRIVER_TYPE=PTC","Stade_IV",62,"male","PTC","NO_CANONICAL_DRIVER"
"TCGA-DJ-A2PZ","ID=TCGA-DJ-A2PZ_AGE=63ANS_SEX=male_STAGE=Stade_III_MUT=BRAF_TYPE=PTC","Stade_III",63,"male","PTC","BRAF"
"TCGA-FY-A3RA","ID=TCGA-FY-A3RA_AGE=21ANS_SEX=female_STAGE=Stade_I_MUT=BRAF_TYPE=PTC","Stade_I",21,"female","PTC","BRAF"
"TCGA-EM-A4FV","ID=TCGA-EM-A4FV_AGE=64ANS_SEX=female_STAGE=Stade_I_MUT=RAS_TYPE=PTC","Stade_I",64,"female","PTC","RAS"
"TCGA-EM-A3AN","ID=TCGA-EM-A3AN_AGE=36ANS_SEX=female_STAGE=Stade_I_MUT=NO_CANONICAL_DRIVER_TYPE=PTC","Stade_I",36,"female","PTC","NO_CANONICAL_DRIVER"
"TCGA-DJ-A3UN","ID=TCGA-DJ-A3UN_AGE=51ANS_SEX=female_STAGE=Stade_I_MUT=BRAF_TYPE=PTC","Stade_I",51,"female","PTC","BRAF"
"TCGA-J8-A42S","ID=TCGA-J8-A42S_AGE=45ANS_SEX=male_STAGE=Stade_III_MUT=NO_CANONICAL_DRIVER_TYPE=PTC","Stade_III",45,"male","PTC","NO_CANONICAL_DRIVER"
"TCGA-EL-A4JX","ID=TCGA-EL-A4JX_AGE=31ANS_SEX=female_STAGE=Stade_I_MUT=BRAF_TYPE=PTC","Stade_I",31,"female","PTC","BRAF"
"TCGA-DE-A0Y2","ID=TCGA-DE-A0Y2_AGE=30ANS_SEX=female_STAGE=Stade_I_MUT=NO_CANONICAL_DRIVER_TYPE=PTC","Stade_I",30,"female","PTC","NO_CANONICAL_DRIVER"
"TCGA-EL-A4JV","ID=TCGA-EL-A4JV_AGE=41ANS_SEX=female_STAGE=Stade_I_MUT=RAS_TYPE=PTC","Stade_I",41,"female","PTC","RAS"
"TCGA-KS-A4I1","ID=TCGA-KS-A4I1_AGE=37ANS_SEX=female_STAGE=Stade_I_MUT=NO_CANONICAL_DRIVER_TYPE=PTC","Stade_I",37,"female","PTC","NO_CANONICAL_DRIVER"
"TCGA-CE-A27D","ID=TCGA-CE-A27D_AGE=28ANS_SEX=female_STAGE=Stade_I_MUT=NO_CANONICAL_DRIVER_TYPE=PTC","Stade_I",28,"female","PTC","NO_CANONICAL_DRIVER"
"TCGA-BJ-A0Z0","ID=TCGA-BJ-A0Z0_AGE=55ANS_SEX=male_STAGE=Stade_II_MUT=NO_CANONICAL_DRIVER_TYPE=PTC","Stade_II",55,"male","PTC","NO_CANONICAL_DRIVER"
"TCGA-EL-A3CU","ID=TCGA-EL-A3CU_AGE=70ANS_SEX=female_STAGE=Stade_III_MUT=BRAF_TYPE=PTC","Stade_III",70,"female","PTC","BRAF"
"TCGA-EM-A2CK","ID=TCGA-EM-A2CK_AGE=28ANS_SEX=male_STAGE=Stade_I_MUT=RAS_TYPE=PTC","Stade_I",28,"male","PTC","RAS"
"TCGA-FK-A4UB","ID=TCGA-FK-A4UB_AGE=51ANS_SEX=male_STAGE=Stade_III_MUT=NO_CANONICAL_DRIVER_TYPE=PTC","Stade_III",51,"male","PTC","NO_CANONICAL_DRIVER"
"TCGA-ET-A2N5","ID=TCGA-ET-A2N5_AGE=46ANS_SEX=female_STAGE=Stade_III_MUT=RAS_TYPE=PTC","Stade_III",46,"female","PTC","RAS"
"TCGA-EM-A2P0","ID=TCGA-EM-A2P0_AGE=33ANS_SEX=male_STAGE=Stade_I_MUT=BRAF_TYPE=PTC","Stade_I",33,"male","PTC","BRAF"
"TCGA-H2-A421","ID=TCGA-H2-A421_AGE=34ANS_SEX=female_STAGE=Stade_I_MUT=BRAF_TYPE=PTC","Stade_I",34,"female","PTC","BRAF"
"TCGA-CE-A483","ID=TCGA-CE-A483_AGE=34ANS_SEX=female_STAGE=Stade_I_MUT=NO_CANONICAL_DRIVER_TYPE=PTC","Stade_I",34,"female","PTC","NO_CANONICAL_DRIVER"
"TCGA-FY-A76V","ID=TCGA-FY-A76V_AGE=54ANS_SEX=male_STAGE=Stade_II_MUT=NO_CANONICAL_DRIVER_TYPE=PTC","Stade_II",54,"male","PTC","NO_CANONICAL_DRIVER"
"TCGA-EL-A3GX","ID=TCGA-EL-A3GX_AGE=41ANS_SEX=female_STAGE=Stage_NA_MUT=BRAF_TYPE=PTC","Stage_NA",41,"female","PTC","BRAF"
"TCGA-DO-A2HM","ID=TCGA-DO-A2HM_AGE=49ANS_SEX=male_STAGE=Stade_IV_MUT=NO_CANONICAL_DRIVER_TYPE=PTC","Stade_IV",49,"male","PTC","NO_CANONICAL_DRIVER"
"TCGA-IM-A3U2","ID=TCGA-IM-A3U2_AGE=89ANS_SEX=female_STAGE=Stade_IV_MUT=BRAF_TYPE=PTC","Stade_IV",89,"female","PTC","BRAF"
"TCGA-EL-A3T0","ID=TCGA-EL-A3T0_AGE=45ANS_SEX=female_STAGE=Stade_III_MUT=NO_CANONICAL_DRIVER_TYPE=PTC","Stade_III",45,"female","PTC","NO_CANONICAL_DRIVER"
"TCGA-E3-A3E1","ID=TCGA-E3-A3E1_AGE=46ANS_SEX=female_STAGE=Stade_I_MUT=BRAF_TYPE=PTC","Stade_I",46,"female","PTC","BRAF"
"TCGA-ET-A3BX","ID=TCGA-ET-A3BX_AGE=24ANS_SEX=male_STAGE=Stade_I_MUT=BRAF_TYPE=PTC","Stade_I",24,"male","PTC","BRAF"
"TCGA-BJ-A0ZJ","ID=TCGA-BJ-A0ZJ_AGE=36ANS_SEX=male_STAGE=Stade_I_MUT=NO_CANONICAL_DRIVER_TYPE=PTC","Stade_I",36,"male","PTC","NO_CANONICAL_DRIVER"
"TCGA-EL-A3T9","ID=TCGA-EL-A3T9_AGE=69ANS_SEX=female_STAGE=Stade_IV_MUT=NO_CANONICAL_DRIVER_TYPE=PTC","Stade_IV",69,"female","PTC","NO_CANONICAL_DRIVER"
"TCGA-EM-A1YD","ID=TCGA-EM-A1YD_AGE=53ANS_SEX=female_STAGE=Stade_II_MUT=NO_CANONICAL_DRIVER_TYPE=PTC","Stade_II",53,"female","PTC","NO_CANONICAL_DRIVER"
"TCGA-ET-A3BP","ID=TCGA-ET-A3BP_AGE=34ANS_SEX=female_STAGE=Stade_I_MUT=BRAF_TYPE=PTC","Stade_I",34,"female","PTC","BRAF"
"TCGA-EL-A3H1","ID=TCGA-EL-A3H1_AGE=66ANS_SEX=female_STAGE=Stade_I_MUT=NO_CANONICAL_DRIVER_TYPE=PTC","Stade_I",66,"female","PTC","NO_CANONICAL_DRIVER"
"TCGA-EM-A4FR","ID=TCGA-EM-A4FR_AGE=28ANS_SEX=male_STAGE=Stade_I_MUT=NO_CANONICAL_DRIVER_TYPE=PTC","Stade_I",28,"male","PTC","NO_CANONICAL_DRIVER"
"TCGA-EM-A22M","ID=TCGA-EM-A22M_AGE=52ANS_SEX=male_STAGE=Stade_I_MUT=NO_CANONICAL_DRIVER_TYPE=PTC","Stade_I",52,"male","PTC","NO_CANONICAL_DRIVER"
"TCGA-EL-A3ZR","ID=TCGA-EL-A3ZR_AGE=46ANS_SEX=female_STAGE=Stade_II_MUT=RAS_TYPE=PTC","Stade_II",46,"female","PTC","RAS"
"TCGA-DJ-A4UW","ID=TCGA-DJ-A4UW_AGE=34ANS_SEX=female_STAGE=Stade_I_MUT=BRAF_TYPE=PTC","Stade_I",34,"female","PTC","BRAF"
"TCGA-DJ-A13V","ID=TCGA-DJ-A13V_AGE=21ANS_SEX=female_STAGE=Stade_I_MUT=BRAF_TYPE=PTC","Stade_I",21,"female","PTC","BRAF"
"TCGA-E8-A417","ID=TCGA-E8-A417_AGE=38ANS_SEX=female_STAGE=Stade_I_MUT=NO_CANONICAL_DRIVER_TYPE=PTC","Stade_I",38,"female","PTC","NO_CANONICAL_DRIVER"
"TCGA-DJ-A1QQ","ID=TCGA-DJ-A1QQ_AGE=43ANS_SEX=male_STAGE=Stade_I_MUT=BRAF_TYPE=PTC","Stade_I",43,"male","PTC","BRAF"
"TCGA-ET-A39R","ID=TCGA-ET-A39R_AGE=24ANS_SEX=female_STAGE=Stade_I_MUT=NO_CANONICAL_DRIVER_TYPE=PTC","Stade_I",24,"female","PTC","NO_CANONICAL_DRIVER"
"TCGA-ET-A3DR","ID=TCGA-ET-A3DR_AGE=42ANS_SEX=female_STAGE=Stade_I_MUT=NO_CANONICAL_DRIVER_TYPE=PTC","Stade_I",42,"female","PTC","NO_CANONICAL_DRIVER"
"TCGA-ET-A2N3","ID=TCGA-ET-A2N3_AGE=34ANS_SEX=female_STAGE=Stade_I_MUT=NO_CANONICAL_DRIVER_TYPE=PTC","Stade_I",34,"female","PTC","NO_CANONICAL_DRIVER"
"TCGA-CE-A485","ID=TCGA-CE-A485_AGE=32ANS_SEX=male_STAGE=Stade_I_MUT=NO_CANONICAL_DRIVER_TYPE=PTC","Stade_I",32,"male","PTC","NO_CANONICAL_DRIVER"
"TCGA-ET-A3DT","ID=TCGA-ET-A3DT_AGE=23ANS_SEX=female_STAGE=Stade_I_MUT=BRAF_TYPE=PTC","Stade_I",23,"female","PTC","BRAF"
"TCGA-CE-A13K","ID=TCGA-CE-A13K_AGE=30ANS_SEX=female_STAGE=Stade_I_MUT=NO_CANONICAL_DRIVER_TYPE=PTC","Stade_I",30,"female","PTC","NO_CANONICAL_DRIVER"
"TCGA-DJ-A3V8","ID=TCGA-DJ-A3V8_AGE=28ANS_SEX=female_STAGE=Stade_I_MUT=NO_CANONICAL_DRIVER_TYPE=PTC","Stade_I",28,"female","PTC","NO_CANONICAL_DRIVER"
"TCGA-BJ-A290","ID=TCGA-BJ-A290_AGE=70ANS_SEX=male_STAGE=Stage_NA_MUT=BRAF_TYPE=PTC","Stage_NA",70,"male","PTC","BRAF"
"TCGA-DJ-A1QH","ID=TCGA-DJ-A1QH_AGE=57ANS_SEX=female_STAGE=Stade_III_MUT=BRAF_TYPE=PTC","Stade_III",57,"female","PTC","BRAF"
"TCGA-DJ-A2Q9","ID=TCGA-DJ-A2Q9_AGE=65ANS_SEX=female_STAGE=Stade_III_MUT=NO_CANONICAL_DRIVER_TYPE=PTC","Stade_III",65,"female","PTC","NO_CANONICAL_DRIVER"
"TCGA-BJ-A190","ID=TCGA-BJ-A190_AGE=55ANS_SEX=male_STAGE=Stade_II_MUT=NO_CANONICAL_DRIVER_TYPE=PTC","Stade_II",55,"male","PTC","NO_CANONICAL_DRIVER"
"TCGA-DE-A3KN","ID=TCGA-DE-A3KN_AGE=49ANS_SEX=female_STAGE=Stade_IV_MUT=NO_CANONICAL_DRIVER_TYPE=PTC","Stade_IV",49,"female","PTC","NO_CANONICAL_DRIVER"
"TCGA-EM-A3AL","ID=TCGA-EM-A3AL_AGE=45ANS_SEX=female_STAGE=Stade_I_MUT=NO_CANONICAL_DRIVER_TYPE=PTC","Stade_I",45,"female","PTC","NO_CANONICAL_DRIVER"
"TCGA-ET-A25R","ID=TCGA-ET-A25R_AGE=51ANS_SEX=female_STAGE=Stade_III_MUT=BRAF_TYPE=PTC","Stade_III",51,"female","PTC","BRAF"
"TCGA-EM-A1YC","ID=TCGA-EM-A1YC_AGE=71ANS_SEX=female_STAGE=Stade_III_MUT=NO_CANONICAL_DRIVER_TYPE=PTC","Stade_III",71,"female","PTC","NO_CANONICAL_DRIVER"
"TCGA-ET-A3DO","ID=TCGA-ET-A3DO_AGE=33ANS_SEX=female_STAGE=Stage_NA_MUT=BRAF_TYPE=PTC","Stage_NA",33,"female","PTC","BRAF"
"TCGA-EM-A3SZ","ID=TCGA-EM-A3SZ_AGE=42ANS_SEX=female_STAGE=Stade_I_MUT=NO_CANONICAL_DRIVER_TYPE=PTC","Stade_I",42,"female","PTC","NO_CANONICAL_DRIVER"
"TCGA-BJ-A18Z","ID=TCGA-BJ-A18Z_AGE=58ANS_SEX=male_STAGE=Stade_IV_MUT=BRAF_TYPE=PTC","Stade_IV",58,"male","PTC","BRAF"
"TCGA-EM-A4FK","ID=TCGA-EM-A4FK_AGE=33ANS_SEX=female_STAGE=Stade_I_MUT=RAS_TYPE=PTC","Stade_I",33,"female","PTC","RAS"
"TCGA-EM-A3FK","ID=TCGA-EM-A3FK_AGE=30ANS_SEX=female_STAGE=Stade_I_MUT=BRAF_TYPE=PTC","Stade_I",30,"female","PTC","BRAF"
"TCGA-EM-A3SX","ID=TCGA-EM-A3SX_AGE=28ANS_SEX=female_STAGE=Stade_I_MUT=NO_CANONICAL_DRIVER_TYPE=PTC","Stade_I",28,"female","PTC","NO_CANONICAL_DRIVER"
"TCGA-BJ-A0Z5","ID=TCGA-BJ-A0Z5_AGE=58ANS_SEX=male_STAGE=Stade_III_MUT=NO_CANONICAL_DRIVER_TYPE=PTC","Stade_III",58,"male","PTC","NO_CANONICAL_DRIVER"
"TCGA-EM-A4FM","ID=TCGA-EM-A4FM_AGE=59ANS_SEX=female_STAGE=Stade_IV_MUT=BRAF_TYPE=PTC","Stade_IV",59,"female","PTC","BRAF"
"TCGA-EL-A3GY","ID=TCGA-EL-A3GY_AGE=40ANS_SEX=female_STAGE=Stade_II_MUT=BRAF_TYPE=PTC","Stade_II",40,"female","PTC","BRAF"
"TCGA-DO-A1JZ","ID=TCGA-DO-A1JZ_AGE=23ANS_SEX=female_STAGE=Stade_I_MUT=NO_CANONICAL_DRIVER_TYPE=PTC","Stade_I",23,"female","PTC","NO_CANONICAL_DRIVER"
"TCGA-EM-A3AO","ID=TCGA-EM-A3AO_AGE=61ANS_SEX=male_STAGE=Stade_IV_MUT=NO_CANONICAL_DRIVER_TYPE=PTC","Stade_IV",61,"male","PTC","NO_CANONICAL_DRIVER"
"TCGA-ET-A39J","ID=TCGA-ET-A39J_AGE=23ANS_SEX=female_STAGE=Stade_I_MUT=BRAF_TYPE=PTC","Stade_I",23,"female","PTC","BRAF"
"TCGA-E8-A437","ID=TCGA-E8-A437_AGE=57ANS_SEX=female_STAGE=Stade_I_MUT=BRAF_TYPE=PTC","Stade_I",57,"female","PTC","BRAF"
"TCGA-EM-A2OZ","ID=TCGA-EM-A2OZ_AGE=66ANS_SEX=male_STAGE=Stade_I_MUT=BRAF_TYPE=PTC","Stade_I",66,"male","PTC","BRAF"
"TCGA-EM-A1CW","ID=TCGA-EM-A1CW_AGE=39ANS_SEX=female_STAGE=Stade_I_MUT=NO_CANONICAL_DRIVER_TYPE=PTC","Stade_I",39,"female","PTC","NO_CANONICAL_DRIVER"
"TCGA-DJ-A3VM","ID=TCGA-DJ-A3VM_AGE=68ANS_SEX=female_STAGE=Stade_II_MUT=NO_CANONICAL_DRIVER_TYPE=PTC","Stade_II",68,"female","PTC","NO_CANONICAL_DRIVER"
"TCGA-EM-A2CL","ID=TCGA-EM-A2CL_AGE=31ANS_SEX=male_STAGE=Stade_I_MUT=EIF1AX_TYPE=PTC","Stade_I",31,"male","PTC","EIF1AX"
"TCGA-ET-A40T","ID=TCGA-ET-A40T_AGE=26ANS_SEX=female_STAGE=Stade_I_MUT=NO_CANONICAL_DRIVER_TYPE=PTC","Stade_I",26,"female","PTC","NO_CANONICAL_DRIVER"
"TCGA-ET-A25K","ID=TCGA-ET-A25K_AGE=36ANS_SEX=female_STAGE=Stade_I_MUT=BRAF_TYPE=PTC","Stade_I",36,"female","PTC","BRAF"
"TCGA-FE-A236","ID=TCGA-FE-A236_AGE=33ANS_SEX=male_STAGE=Stade_I_MUT=BRAF_TYPE=PTC","Stade_I",33,"male","PTC","BRAF"
"TCGA-EL-A3ZQ","ID=TCGA-EL-A3ZQ_AGE=78ANS_SEX=female_STAGE=Stade_II_MUT=BRAF_TYPE=PTC","Stade_II",78,"female","PTC","BRAF"
"TCGA-EL-A3CP","ID=TCGA-EL-A3CP_AGE=50ANS_SEX=female_STAGE=Stage_NA_MUT=BRAF_TYPE=PTC","Stage_NA",50,"female","PTC","BRAF"
"TCGA-DJ-A1QM","ID=TCGA-DJ-A1QM_AGE=42ANS_SEX=male_STAGE=Stade_I_MUT=BRAF_TYPE=PTC","Stade_I",42,"male","PTC","BRAF"
"TCGA-DJ-A3UQ","ID=TCGA-DJ-A3UQ_AGE=45ANS_SEX=female_STAGE=Stade_III_MUT=BRAF_TYPE=PTC","Stade_III",45,"female","PTC","BRAF"
"TCGA-EM-A3O7","ID=TCGA-EM-A3O7_AGE=46ANS_SEX=female_STAGE=Stade_III_MUT=BRAF_TYPE=PTC","Stade_III",46,"female","PTC","BRAF"
"TCGA-IM-A3EB","ID=TCGA-IM-A3EB_AGE=32ANS_SEX=female_STAGE=Stade_I_MUT=BRAF_TYPE=PTC","Stade_I",32,"female","PTC","BRAF"
"TCGA-EL-A3ZO","ID=TCGA-EL-A3ZO_AGE=79ANS_SEX=female_STAGE=Stade_III_MUT=NO_CANONICAL_DRIVER_TYPE=PTC","Stade_III",79,"female","PTC","NO_CANONICAL_DRIVER"
"TCGA-EL-A3H5","ID=TCGA-EL-A3H5_AGE=57ANS_SEX=female_STAGE=Stade_IV_MUT=BRAF_TYPE=PTC","Stade_IV",57,"female","PTC","BRAF"
"TCGA-EM-A3AK","ID=TCGA-EM-A3AK_AGE=62ANS_SEX=female_STAGE=Stade_I_MUT=BRAF_TYPE=PTC","Stade_I",62,"female","PTC","BRAF"
"TCGA-ET-A25L","ID=TCGA-ET-A25L_AGE=52ANS_SEX=female_STAGE=Stade_IV_MUT=NO_CANONICAL_DRIVER_TYPE=PTC","Stade_IV",52,"female","PTC","NO_CANONICAL_DRIVER"
"TCGA-FY-A3ON","ID=TCGA-FY-A3ON_AGE=20ANS_SEX=male_STAGE=Stade_I_MUT=BRAF_TYPE=PTC","Stade_I",20,"male","PTC","BRAF"
"TCGA-DE-A4MB","ID=TCGA-DE-A4MB_AGE=79ANS_SEX=female_STAGE=Stade_IV_MUT=NO_CANONICAL_DRIVER_TYPE=PTC","Stade_IV",79,"female","PTC","NO_CANONICAL_DRIVER"
"TCGA-EL-A3CT","ID=TCGA-EL-A3CT_AGE=78ANS_SEX=female_STAGE=Stade_IV_MUT=BRAF_TYPE=PTC","Stade_IV",78,"female","PTC","BRAF"
"TCGA-ET-A2MZ","ID=TCGA-ET-A2MZ_AGE=39ANS_SEX=male_STAGE=Stade_I_MUT=BRAF_TYPE=PTC","Stade_I",39,"male","PTC","BRAF"
"TCGA-EM-A4FU","ID=TCGA-EM-A4FU_AGE=35ANS_SEX=male_STAGE=Stade_I_MUT=NO_CANONICAL_DRIVER_TYPE=PTC","Stade_I",35,"male","PTC","NO_CANONICAL_DRIVER"
"TCGA-EM-A1CU","ID=TCGA-EM-A1CU_AGE=31ANS_SEX=male_STAGE=Stade_I_MUT=BRAF_TYPE=PTC","Stade_I",31,"male","PTC","BRAF"
"TCGA-FY-A3TY","ID=TCGA-FY-A3TY_AGE=61ANS_SEX=female_STAGE=Stade_III_MUT=NO_CANONICAL_DRIVER_TYPE=PTC","Stade_III",61,"female","PTC","NO_CANONICAL_DRIVER"
"TCGA-EM-A3FN","ID=TCGA-EM-A3FN_AGE=42ANS_SEX=female_STAGE=Stade_I_MUT=EIF1AX_TYPE=PTC","Stade_I",42,"female","PTC","EIF1AX"
"TCGA-E3-A3DZ","ID=TCGA-E3-A3DZ_AGE=55ANS_SEX=female_STAGE=Stade_III_MUT=RAS_TYPE=PTC","Stade_III",55,"female","PTC","RAS"
"TCGA-EM-A1YA","ID=TCGA-EM-A1YA_AGE=74ANS_SEX=female_STAGE=Stade_II_MUT=EIF1AX_TYPE=PTC","Stade_II",74,"female","PTC","EIF1AX"
"TCGA-EL-A4KH","ID=TCGA-EL-A4KH_AGE=36ANS_SEX=female_STAGE=Stade_I_MUT=BRAF_TYPE=PTC","Stade_I",36,"female","PTC","BRAF"
"TCGA-E3-A3E0","ID=TCGA-E3-A3E0_AGE=34ANS_SEX=female_STAGE=Stade_I_MUT=NO_CANONICAL_DRIVER_TYPE=PTC","Stade_I",34,"female","PTC","NO_CANONICAL_DRIVER"
"TCGA-FE-A232","ID=TCGA-FE-A232_AGE=44ANS_SEX=female_STAGE=Stade_I_MUT=BRAF_TYPE=PTC","Stade_I",44,"female","PTC","BRAF"
"TCGA-BJ-A0ZC","ID=TCGA-BJ-A0ZC_AGE=55ANS_SEX=male_STAGE=Stade_I_MUT=NO_CANONICAL_DRIVER_TYPE=PTC","Stade_I",55,"male","PTC","NO_CANONICAL_DRIVER"
"TCGA-EM-A2CU","ID=TCGA-EM-A2CU_AGE=47ANS_SEX=female_STAGE=Stade_III_MUT=NO_CANONICAL_DRIVER_TYPE=PTC","Stade_III",47,"female","PTC","NO_CANONICAL_DRIVER"
"TCGA-DJ-A2PV","ID=TCGA-DJ-A2PV_AGE=53ANS_SEX=female_STAGE=Stade_II_MUT=BRAF_TYPE=PTC","Stade_II",53,"female","PTC","BRAF"
"TCGA-DJ-A3V3","ID=TCGA-DJ-A3V3_AGE=57ANS_SEX=female_STAGE=Stade_II_MUT=NO_CANONICAL_DRIVER_TYPE=PTC","Stade_II",57,"female","PTC","NO_CANONICAL_DRIVER"
"TCGA-BJ-A45K","ID=TCGA-BJ-A45K_AGE=33ANS_SEX=male_STAGE=Stade_I_MUT=NO_CANONICAL_DRIVER_TYPE=PTC","Stade_I",33,"male","PTC","NO_CANONICAL_DRIVER"
"TCGA-EM-A3OB","ID=TCGA-EM-A3OB_AGE=33ANS_SEX=female_STAGE=Stade_I_MUT=RAS_TYPE=PTC","Stade_I",33,"female","PTC","RAS"
"TCGA-FY-A3R6","ID=TCGA-FY-A3R6_AGE=57ANS_SEX=female_STAGE=Stade_IV_MUT=NO_CANONICAL_DRIVER_TYPE=PTC","Stade_IV",57,"female","PTC","NO_CANONICAL_DRIVER"
"TCGA-E8-A2EA","ID=TCGA-E8-A2EA_AGE=52ANS_SEX=female_STAGE=Stade_I_MUT=BRAF_TYPE=PTC","Stade_I",52,"female","PTC","BRAF"
"TCGA-DJ-A3V7","ID=TCGA-DJ-A3V7_AGE=44ANS_SEX=female_STAGE=Stade_III_MUT=BRAF_TYPE=PTC","Stade_III",44,"female","PTC","BRAF"
"TCGA-IM-A41Z","ID=TCGA-IM-A41Z_AGE=37ANS_SEX=female_STAGE=Stade_I_MUT=NO_CANONICAL_DRIVER_TYPE=PTC","Stade_I",37,"female","PTC","NO_CANONICAL_DRIVER"
"TCGA-EL-A3CX","ID=TCGA-EL-A3CX_AGE=22ANS_SEX=female_STAGE=Stade_I_MUT=NO_CANONICAL_DRIVER_TYPE=PTC","Stade_I",22,"female","PTC","NO_CANONICAL_DRIVER"
"TCGA-EM-A2OX","ID=TCGA-EM-A2OX_AGE=46ANS_SEX=male_STAGE=Stade_IV_MUT=BRAF_TYPE=PTC","Stade_IV",46,"male","PTC","BRAF"
"TCGA-DJ-A3UT","ID=TCGA-DJ-A3UT_AGE=43ANS_SEX=female_STAGE=Stade_I_MUT=RAS_TYPE=PTC","Stade_I",43,"female","PTC","RAS"
"TCGA-J8-A3YH","ID=TCGA-J8-A3YH_AGE=39ANS_SEX=male_STAGE=Stade_I_MUT=NO_CANONICAL_DRIVER_TYPE=PTC","Stade_I",39,"male","PTC","NO_CANONICAL_DRIVER"
"TCGA-FY-A3NN","ID=TCGA-FY-A3NN_AGE=48ANS_SEX=female_STAGE=Stade_III_MUT=BRAF_TYPE=PTC","Stade_III",48,"female","PTC","BRAF"
"TCGA-EM-A1YB","ID=TCGA-EM-A1YB_AGE=73ANS_SEX=female_STAGE=Stade_II_MUT=NO_CANONICAL_DRIVER_TYPE=PTC","Stade_II",73,"female","PTC","NO_CANONICAL_DRIVER"
"TCGA-DJ-A4V4","ID=TCGA-DJ-A4V4_AGE=48ANS_SEX=female_STAGE=Stade_I_MUT=BRAF_TYPE=PTC","Stade_I",48,"female","PTC","BRAF"
"TCGA-ET-A3DV","ID=TCGA-ET-A3DV_AGE=68ANS_SEX=female_STAGE=Stade_II_MUT=NO_CANONICAL_DRIVER_TYPE=PTC","Stade_II",68,"female","PTC","NO_CANONICAL_DRIVER"
"TCGA-EM-A4FF","ID=TCGA-EM-A4FF_AGE=40ANS_SEX=female_STAGE=Stage_NA_MUT=NO_CANONICAL_DRIVER_TYPE=PTC","Stage_NA",40,"female","PTC","NO_CANONICAL_DRIVER"
"TCGA-DJ-A13M","ID=TCGA-DJ-A13M_AGE=28ANS_SEX=female_STAGE=Stade_I_MUT=RAS_TYPE=PTC","Stade_I",28,"female","PTC","RAS"
"TCGA-EL-A3D1","ID=TCGA-EL-A3D1_AGE=39ANS_SEX=male_STAGE=Stade_I_MUT=BRAF_TYPE=PTC","Stade_I",39,"male","PTC","BRAF"
"TCGA-BJ-A28V","ID=TCGA-BJ-A28V_AGE=80ANS_SEX=female_STAGE=Stade_III_MUT=NO_CANONICAL_DRIVER_TYPE=PTC","Stade_III",80,"female","PTC","NO_CANONICAL_DRIVER"
"TCGA-BJ-A3EZ","ID=TCGA-BJ-A3EZ_AGE=51ANS_SEX=male_STAGE=Stade_IV_MUT=BRAF_TYPE=PTC","Stade_IV",51,"male","PTC","BRAF"
"TCGA-H2-A3RI","ID=TCGA-H2-A3RI_AGE=29ANS_SEX=female_STAGE=Stage_NA_MUT=BRAF_TYPE=PTC","Stage_NA",29,"female","PTC","BRAF"
"TCGA-EM-A3FP","ID=TCGA-EM-A3FP_AGE=71ANS_SEX=female_STAGE=Stade_II_MUT=NO_CANONICAL_DRIVER_TYPE=PTC","Stade_II",71,"female","PTC","NO_CANONICAL_DRIVER"
"TCGA-ET-A3DU","ID=TCGA-ET-A3DU_AGE=21ANS_SEX=female_STAGE=Stade_I_MUT=BRAF_TYPE=PTC","Stade_I",21,"female","PTC","BRAF"
"TCGA-EM-A22N","ID=TCGA-EM-A22N_AGE=68ANS_SEX=female_STAGE=Stade_I_MUT=NO_CANONICAL_DRIVER_TYPE=PTC","Stade_I",68,"female","PTC","NO_CANONICAL_DRIVER"
"TCGA-DE-A0Y3","ID=TCGA-DE-A0Y3_AGE=60ANS_SEX=female_STAGE=Stage_NA_MUT=BRAF_TYPE=PTC","Stage_NA",60,"female","PTC","BRAF"
"TCGA-FY-A3BL","ID=TCGA-FY-A3BL_AGE=29ANS_SEX=male_STAGE=Stade_I_MUT=BRAF_TYPE=PTC","Stade_I",29,"male","PTC","BRAF"
"TCGA-QD-A8IV","ID=TCGA-QD-A8IV_AGE=50ANS_SEX=female_STAGE=Stade_IV_MUT=NO_CANONICAL_DRIVER_TYPE=PTC","Stade_IV",50,"female","PTC","NO_CANONICAL_DRIVER"
"TCGA-FY-A3R8","ID=TCGA-FY-A3R8_AGE=62ANS_SEX=female_STAGE=Stade_III_MUT=BRAF_TYPE=PTC","Stade_III",62,"female","PTC","BRAF"
"TCGA-EM-A22J","ID=TCGA-EM-A22J_AGE=56ANS_SEX=female_STAGE=Stade_II_MUT=RAS_TYPE=PTC","Stade_II",56,"female","PTC","RAS"
"TCGA-FE-A235","ID=TCGA-FE-A235_AGE=26ANS_SEX=female_STAGE=Stade_I_MUT=BRAF_TYPE=PTC","Stade_I",26,"female","PTC","BRAF"
"TCGA-ET-A3BS","ID=TCGA-ET-A3BS_AGE=42ANS_SEX=male_STAGE=Stade_I_MUT=BRAF_TYPE=PTC","Stade_I",42,"male","PTC","BRAF"
"TCGA-J8-A3YE","ID=TCGA-J8-A3YE_AGE=31ANS_SEX=female_STAGE=Stade_I_MUT=BRAF_TYPE=PTC","Stade_I",31,"female","PTC","BRAF"
"TCGA-EM-A2CT","ID=TCGA-EM-A2CT_AGE=20ANS_SEX=female_STAGE=Stade_I_MUT=RAS_TYPE=PTC","Stade_I",20,"female","PTC","RAS"
"TCGA-DJ-A3VL","ID=TCGA-DJ-A3VL_AGE=38ANS_SEX=male_STAGE=Stade_I_MUT=NO_CANONICAL_DRIVER_TYPE=PTC","Stade_I",38,"male","PTC","NO_CANONICAL_DRIVER"
"TCGA-EM-A3FJ","ID=TCGA-EM-A3FJ_AGE=24ANS_SEX=female_STAGE=Stade_I_MUT=BRAF_TYPE=PTC","Stade_I",24,"female","PTC","BRAF"
"TCGA-DJ-A1QG","ID=TCGA-DJ-A1QG_AGE=62ANS_SEX=male_STAGE=Stade_I_MUT=RAS_TYPE=PTC","Stade_I",62,"male","PTC","RAS"
"TCGA-EM-A4G1","ID=TCGA-EM-A4G1_AGE=26ANS_SEX=female_STAGE=Stade_I_MUT=RAS_TYPE=PTC","Stade_I",26,"female","PTC","RAS"
"TCGA-BJ-A4O9","ID=TCGA-BJ-A4O9_AGE=51ANS_SEX=female_STAGE=Stade_II_MUT=BRAF_TYPE=PTC","Stade_II",51,"female","PTC","BRAF"
"TCGA-DE-A4MD","ID=TCGA-DE-A4MD_AGE=71ANS_SEX=male_STAGE=Stade_IV_MUT=NO_CANONICAL_DRIVER_TYPE=PTC","Stade_IV",71,"male","PTC","NO_CANONICAL_DRIVER"
"TCGA-EM-A3FL","ID=TCGA-EM-A3FL_AGE=63ANS_SEX=female_STAGE=Stade_I_MUT=NO_CANONICAL_DRIVER_TYPE=PTC","Stade_I",63,"female","PTC","NO_CANONICAL_DRIVER"
"TCGA-FY-A3I4","ID=TCGA-FY-A3I4_AGE=34ANS_SEX=female_STAGE=Stade_I_MUT=BRAF_TYPE=PTC","Stade_I",34,"female","PTC","BRAF"
"TCGA-DJ-A3UM","ID=TCGA-DJ-A3UM_AGE=45ANS_SEX=female_STAGE=Stade_I_MUT=BRAF_TYPE=PTC","Stade_I",45,"female","PTC","BRAF"
"TCGA-EM-A2OY","ID=TCGA-EM-A2OY_AGE=46ANS_SEX=female_STAGE=Stade_II_MUT=NO_CANONICAL_DRIVER_TYPE=PTC","Stade_II",46,"female","PTC","NO_CANONICAL_DRIVER"
"TCGA-DJ-A3UK","ID=TCGA-DJ-A3UK_AGE=35ANS_SEX=female_STAGE=Stade_I_MUT=BRAF_TYPE=PTC","Stade_I",35,"female","PTC","BRAF"
"TCGA-EM-A3AJ","ID=TCGA-EM-A3AJ_AGE=39ANS_SEX=male_STAGE=Stade_I_MUT=NO_CANONICAL_DRIVER_TYPE=PTC","Stade_I",39,"male","PTC","NO_CANONICAL_DRIVER"
"TCGA-FY-A3R9","ID=TCGA-FY-A3R9_AGE=66ANS_SEX=female_STAGE=Stade_I_MUT=RAS_TYPE=PTC","Stade_I",66,"female","PTC","RAS"
"TCGA-L6-A4EQ","ID=TCGA-L6-A4EQ_AGE=47ANS_SEX=male_STAGE=Stade_III_MUT=NO_CANONICAL_DRIVER_TYPE=PTC","Stade_III",47,"male","PTC","NO_CANONICAL_DRIVER"
"TCGA-DJ-A3UO","ID=TCGA-DJ-A3UO_AGE=63ANS_SEX=male_STAGE=Stade_IV_MUT=BRAF_TYPE=PTC","Stade_IV",63,"male","PTC","BRAF"
"TCGA-DJ-A1QD","ID=TCGA-DJ-A1QD_AGE=20ANS_SEX=female_STAGE=Stade_I_MUT=BRAF_TYPE=PTC","Stade_I",20,"female","PTC","BRAF"
"TCGA-DJ-A4V2","ID=TCGA-DJ-A4V2_AGE=38ANS_SEX=female_STAGE=Stade_I_MUT=BRAF_TYPE=PTC","Stade_I",38,"female","PTC","BRAF"
"TCGA-EL-A4K7","ID=TCGA-EL-A4K7_AGE=74ANS_SEX=male_STAGE=Stade_III_MUT=NO_CANONICAL_DRIVER_TYPE=PTC","Stade_III",74,"male","PTC","NO_CANONICAL_DRIVER"
"TCGA-MK-A4N6","ID=TCGA-MK-A4N6_AGE=35ANS_SEX=male_STAGE=Stade_I_MUT=BRAF_TYPE=PTC","Stade_I",35,"male","PTC","BRAF"
"TCGA-EL-A3GP","ID=TCGA-EL-A3GP_AGE=70ANS_SEX=male_STAGE=Stade_III_MUT=BRAF_TYPE=PTC","Stade_III",70,"male","PTC","BRAF"
"TCGA-EL-A3GU","ID=TCGA-EL-A3GU_AGE=72ANS_SEX=female_STAGE=Stade_III_MUT=BRAF_TYPE=PTC","Stade_III",72,"female","PTC","BRAF"
"TCGA-FE-A238","ID=TCGA-FE-A238_AGE=36ANS_SEX=female_STAGE=Stade_I_MUT=NO_CANONICAL_DRIVER_TYPE=PTC","Stade_I",36,"female","PTC","NO_CANONICAL_DRIVER"
"TCGA-CE-A3ME","ID=TCGA-CE-A3ME_AGE=51ANS_SEX=female_STAGE=Stade_II_MUT=BRAF_TYPE=PTC","Stade_II",51,"female","PTC","BRAF"
"TCGA-EM-A4FO","ID=TCGA-EM-A4FO_AGE=72ANS_SEX=male_STAGE=Stade_I_MUT=BRAF_TYPE=PTC","Stade_I",72,"male","PTC","BRAF"
"TCGA-IM-A420","ID=TCGA-IM-A420_AGE=39ANS_SEX=female_STAGE=Stade_I_MUT=NO_CANONICAL_DRIVER_TYPE=PTC","Stade_I",39,"female","PTC","NO_CANONICAL_DRIVER"
"TCGA-DJ-A2Q1","ID=TCGA-DJ-A2Q1_AGE=44ANS_SEX=female_STAGE=Stade_I_MUT=NO_CANONICAL_DRIVER_TYPE=PTC","Stade_I",44,"female","PTC","NO_CANONICAL_DRIVER"
"TCGA-FK-A3SH","ID=TCGA-FK-A3SH_AGE=50ANS_SEX=female_STAGE=Stade_III_MUT=BRAF_TYPE=PTC","Stade_III",50,"female","PTC","BRAF"
"TCGA-EM-A1YE","ID=TCGA-EM-A1YE_AGE=47ANS_SEX=female_STAGE=Stade_II_MUT=NO_CANONICAL_DRIVER_TYPE=PTC","Stade_II",47,"female","PTC","NO_CANONICAL_DRIVER"
"TCGA-KS-A4I5","ID=TCGA-KS-A4I5_AGE=49ANS_SEX=female_STAGE=Stade_IV_MUT=BRAF_TYPE=PTC","Stade_IV",49,"female","PTC","BRAF"
"TCGA-EL-A3GV","ID=TCGA-EL-A3GV_AGE=65ANS_SEX=female_STAGE=Stade_III_MUT=BRAF_TYPE=PTC","Stade_III",65,"female","PTC","BRAF"
"TCGA-FE-A233","ID=TCGA-FE-A233_AGE=18ANS_SEX=female_STAGE=Stade_I_MUT=BRAF_TYPE=PTC","Stade_I",18,"female","PTC","BRAF"
"TCGA-EL-A3MX","ID=TCGA-EL-A3MX_AGE=66ANS_SEX=female_STAGE=Stage_NA_MUT=BRAF_TYPE=PTC","Stage_NA",66,"female","PTC","BRAF"
"TCGA-BJ-A45D","ID=TCGA-BJ-A45D_AGE=36ANS_SEX=male_STAGE=Stade_I_MUT=RAS_TYPE=PTC","Stade_I",36,"male","PTC","RAS"
"TCGA-MK-A4N7","ID=TCGA-MK-A4N7_AGE=20ANS_SEX=female_STAGE=Stade_I_MUT=BRAF_TYPE=PTC","Stade_I",20,"female","PTC","BRAF"
"TCGA-ET-A25N","ID=TCGA-ET-A25N_AGE=28ANS_SEX=female_STAGE=Stade_I_MUT=NO_CANONICAL_DRIVER_TYPE=PTC","Stade_I",28,"female","PTC","NO_CANONICAL_DRIVER"
"TCGA-DJ-A2PQ","ID=TCGA-DJ-A2PQ_AGE=26ANS_SEX=male_STAGE=Stade_I_MUT=BRAF_TYPE=PTC","Stade_I",26,"male","PTC","BRAF"
"TCGA-E8-A438","ID=TCGA-E8-A438_AGE=23ANS_SEX=female_STAGE=Stade_I_MUT=NO_CANONICAL_DRIVER_TYPE=PTC","Stade_I",23,"female","PTC","NO_CANONICAL_DRIVER"
"TCGA-EM-A22I","ID=TCGA-EM-A22I_AGE=52ANS_SEX=female_STAGE=Stade_III_MUT=BRAF_TYPE=PTC","Stade_III",52,"female","PTC","BRAF"
"TCGA-DJ-A1QO","ID=TCGA-DJ-A1QO_AGE=69ANS_SEX=male_STAGE=Stade_III_MUT=BRAF_TYPE=PTC","Stade_III",69,"male","PTC","BRAF"
"TCGA-E8-A3X7","ID=TCGA-E8-A3X7_AGE=57ANS_SEX=female_STAGE=Stade_IV_MUT=NO_CANONICAL_DRIVER_TYPE=PTC","Stade_IV",57,"female","PTC","NO_CANONICAL_DRIVER"
"TCGA-E3-A3E2","ID=TCGA-E3-A3E2_AGE=34ANS_SEX=female_STAGE=Stade_I_MUT=BRAF_TYPE=PTC","Stade_I",34,"female","PTC","BRAF"
"TCGA-E8-A434","ID=TCGA-E8-A434_AGE=56ANS_SEX=female_STAGE=Stade_I_MUT=NO_CANONICAL_DRIVER_TYPE=PTC","Stade_I",56,"female","PTC","NO_CANONICAL_DRIVER"
"TCGA-EL-A3MZ","ID=TCGA-EL-A3MZ_AGE=66ANS_SEX=male_STAGE=Stade_III_MUT=BRAF_TYPE=PTC","Stade_III",66,"male","PTC","BRAF"
"TCGA-ET-A3DQ","ID=TCGA-ET-A3DQ_AGE=43ANS_SEX=female_STAGE=Stade_I_MUT=NO_CANONICAL_DRIVER_TYPE=PTC","Stade_I",43,"female","PTC","NO_CANONICAL_DRIVER"
"TCGA-J8-A3O1","ID=TCGA-J8-A3O1_AGE=33ANS_SEX=female_STAGE=Stade_I_MUT=NO_CANONICAL_DRIVER_TYPE=PTC","Stade_I",33,"female","PTC","NO_CANONICAL_DRIVER"
"TCGA-DJ-A2PN","ID=TCGA-DJ-A2PN_AGE=70ANS_SEX=female_STAGE=Stade_I_MUT=BRAF_TYPE=PTC","Stade_I",70,"female","PTC","BRAF"
"TCGA-EL-A3CV","ID=TCGA-EL-A3CV_AGE=40ANS_SEX=male_STAGE=Stade_I_MUT=BRAF_TYPE=PTC","Stade_I",40,"male","PTC","BRAF"
"TCGA-FE-A239","ID=TCGA-FE-A239_AGE=82ANS_SEX=male_STAGE=Stade_III_MUT=NO_CANONICAL_DRIVER_TYPE=PTC","Stade_III",82,"male","PTC","NO_CANONICAL_DRIVER"
"TCGA-DE-A4M8","ID=TCGA-DE-A4M8_AGE=61ANS_SEX=female_STAGE=Stade_III_MUT=NO_CANONICAL_DRIVER_TYPE=PTC","Stade_III",61,"female","PTC","NO_CANONICAL_DRIVER"
"TCGA-BJ-A28W","ID=TCGA-BJ-A28W_AGE=32ANS_SEX=female_STAGE=Stade_I_MUT=NO_CANONICAL_DRIVER_TYPE=PTC","Stade_I",32,"female","PTC","NO_CANONICAL_DRIVER"
"TCGA-EM-A22L","ID=TCGA-EM-A22L_AGE=33ANS_SEX=female_STAGE=Stade_I_MUT=RAS_TYPE=PTC","Stade_I",33,"female","PTC","RAS"
"TCGA-BJ-A28T","ID=TCGA-BJ-A28T_AGE=34ANS_SEX=female_STAGE=Stade_I_MUT=NO_CANONICAL_DRIVER_TYPE=PTC","Stade_I",34,"female","PTC","NO_CANONICAL_DRIVER"
"TCGA-DJ-A4V0","ID=TCGA-DJ-A4V0_AGE=36ANS_SEX=female_STAGE=Stade_I_MUT=NO_CANONICAL_DRIVER_TYPE=PTC","Stade_I",36,"female","PTC","NO_CANONICAL_DRIVER"
"TCGA-DJ-A3UY","ID=TCGA-DJ-A3UY_AGE=32ANS_SEX=female_STAGE=Stade_I_MUT=BRAF_TYPE=PTC","Stade_I",32,"female","PTC","BRAF"
"TCGA-J8-A3O2","ID=TCGA-J8-A3O2_AGE=39ANS_SEX=male_STAGE=Stade_I_MUT=NO_CANONICAL_DRIVER_TYPE=PTC","Stade_I",39,"male","PTC","NO_CANONICAL_DRIVER"
"TCGA-EM-A2CO","ID=TCGA-EM-A2CO_AGE=77ANS_SEX=female_STAGE=Stade_II_MUT=NO_CANONICAL_DRIVER_TYPE=PTC","Stade_II",77,"female","PTC","NO_CANONICAL_DRIVER"
"TCGA-FE-A3PB","ID=TCGA-FE-A3PB_AGE=33ANS_SEX=female_STAGE=Stade_I_MUT=BRAF_TYPE=PTC","Stade_I",33,"female","PTC","BRAF"
"TCGA-EL-A3ZM","ID=TCGA-EL-A3ZM_AGE=60ANS_SEX=male_STAGE=Stade_IV_MUT=NO_CANONICAL_DRIVER_TYPE=PTC","Stade_IV",60,"male","PTC","NO_CANONICAL_DRIVER"
"TCGA-BJ-A4O8","ID=TCGA-BJ-A4O8_AGE=47ANS_SEX=male_STAGE=Stade_III_MUT=BRAF_TYPE=PTC","Stade_III",47,"male","PTC","BRAF"
"TCGA-EM-A3AP","ID=TCGA-EM-A3AP_AGE=31ANS_SEX=female_STAGE=Stade_I_MUT=RAS_TYPE=PTC","Stade_I",31,"female","PTC","RAS"
"TCGA-FE-A3PA","ID=TCGA-FE-A3PA_AGE=16ANS_SEX=male_STAGE=Stade_II_MUT=NO_CANONICAL_DRIVER_TYPE=PTC","Stade_II",16,"male","PTC","NO_CANONICAL_DRIVER"
"TCGA-ET-A25P","ID=TCGA-ET-A25P_AGE=24ANS_SEX=female_STAGE=Stade_I_MUT=NO_CANONICAL_DRIVER_TYPE=PTC","Stade_I",24,"female","PTC","NO_CANONICAL_DRIVER"
"TCGA-EL-A3ZH","ID=TCGA-EL-A3ZH_AGE=42ANS_SEX=female_STAGE=Stade_I_MUT=RAS_TYPE=PTC","Stade_I",42,"female","PTC","RAS"
"TCGA-DJ-A2PU","ID=TCGA-DJ-A2PU_AGE=52ANS_SEX=female_STAGE=Stade_II_MUT=BRAF_TYPE=PTC","Stade_II",52,"female","PTC","BRAF"
"TCGA-ET-A3DP","ID=TCGA-ET-A3DP_AGE=43ANS_SEX=female_STAGE=Stade_I_MUT=BRAF_TYPE=PTC","Stade_I",43,"female","PTC","BRAF"
"TCGA-DJ-A2QC","ID=TCGA-DJ-A2QC_AGE=70ANS_SEX=female_STAGE=Stade_II_MUT=BRAF_TYPE=PTC","Stade_II",70,"female","PTC","BRAF"
"TCGA-MK-A4N9","ID=TCGA-MK-A4N9_AGE=41ANS_SEX=female_STAGE=Stade_I_MUT=BRAF_TYPE=PTC","Stade_I",41,"female","PTC","BRAF"
"TCGA-EL-A3GS","ID=TCGA-EL-A3GS_AGE=37ANS_SEX=female_STAGE=Stade_I_MUT=BRAF_TYPE=PTC","Stade_I",37,"female","PTC","BRAF"
"TCGA-EM-A3OA","ID=TCGA-EM-A3OA_AGE=55ANS_SEX=female_STAGE=Stade_II_MUT=RAS_TYPE=PTC","Stade_II",55,"female","PTC","RAS"
"TCGA-DJ-A3VA","ID=TCGA-DJ-A3VA_AGE=39ANS_SEX=female_STAGE=Stade_I_MUT=BRAF_TYPE=PTC","Stade_I",39,"female","PTC","BRAF"
"TCGA-BJ-A191","ID=TCGA-BJ-A191_AGE=49ANS_SEX=female_STAGE=Stade_I_MUT=NO_CANONICAL_DRIVER_TYPE=PTC","Stade_I",49,"female","PTC","NO_CANONICAL_DRIVER"
"TCGA-EL-A3ZG","ID=TCGA-EL-A3ZG_AGE=15ANS_SEX=male_STAGE=Stade_I_MUT=NO_CANONICAL_DRIVER_TYPE=PTC","Stade_I",15,"male","PTC","NO_CANONICAL_DRIVER"
"TCGA-EM-A3O9","ID=TCGA-EM-A3O9_AGE=40ANS_SEX=male_STAGE=Stade_I_MUT=NO_CANONICAL_DRIVER_TYPE=PTC","Stade_I",40,"male","PTC","NO_CANONICAL_DRIVER"
"TCGA-EL-A3N2","ID=TCGA-EL-A3N2_AGE=24ANS_SEX=female_STAGE=Stade_I_MUT=BRAF_TYPE=PTC","Stade_I",24,"female","PTC","BRAF"
"TCGA-FE-A3PD","ID=TCGA-FE-A3PD_AGE=17ANS_SEX=female_STAGE=Stade_I_MUT=NO_CANONICAL_DRIVER_TYPE=PTC","Stade_I",17,"female","PTC","NO_CANONICAL_DRIVER"
"TCGA-ET-A3BN","ID=TCGA-ET-A3BN_AGE=33ANS_SEX=female_STAGE=Stade_I_MUT=NO_CANONICAL_DRIVER_TYPE=PTC","Stade_I",33,"female","PTC","NO_CANONICAL_DRIVER"
"TCGA-BJ-A45E","ID=TCGA-BJ-A45E_AGE=46ANS_SEX=female_STAGE=Stade_I_MUT=NO_CANONICAL_DRIVER_TYPE=PTC","Stade_I",46,"female","PTC","NO_CANONICAL_DRIVER"
"TCGA-FY-A40L","ID=TCGA-FY-A40L_AGE=55ANS_SEX=female_STAGE=Stade_IV_MUT=NO_CANONICAL_DRIVER_TYPE=PTC","Stade_IV",55,"female","PTC","NO_CANONICAL_DRIVER"
"TCGA-E3-A3E5","ID=TCGA-E3-A3E5_AGE=57ANS_SEX=male_STAGE=Stade_IV_MUT=BRAF_TYPE=PTC","Stade_IV",57,"male","PTC","BRAF"
"TCGA-DJ-A3UW","ID=TCGA-DJ-A3UW_AGE=50ANS_SEX=female_STAGE=Stade_I_MUT=BRAF_TYPE=PTC","Stade_I",50,"female","PTC","BRAF"
"TCGA-EL-A4K6","ID=TCGA-EL-A4K6_AGE=75ANS_SEX=male_STAGE=Stage_NA_MUT=RAS_TYPE=PTC","Stage_NA",75,"male","PTC","RAS"
"TCGA-ET-A3BV","ID=TCGA-ET-A3BV_AGE=47ANS_SEX=female_STAGE=Stade_III_MUT=BRAF_TYPE=PTC","Stade_III",47,"female","PTC","BRAF"
"TCGA-H2-A3RH","ID=TCGA-H2-A3RH_AGE=41ANS_SEX=female_STAGE=Stade_I_MUT=RAS_TYPE=PTC","Stade_I",41,"female","PTC","RAS"
"TCGA-FY-A4B3","ID=TCGA-FY-A4B3_AGE=51ANS_SEX=male_STAGE=Stade_III_MUT=BRAF_TYPE=PTC","Stade_III",51,"male","PTC","BRAF"
"TCGA-EL-A3CW","ID=TCGA-EL-A3CW_AGE=87ANS_SEX=female_STAGE=Stade_III_MUT=NO_CANONICAL_DRIVER_TYPE=PTC","Stade_III",87,"female","PTC","NO_CANONICAL_DRIVER"
"TCGA-FY-A3NP","ID=TCGA-FY-A3NP_AGE=69ANS_SEX=male_STAGE=Stade_I_MUT=RAS_TYPE=PTC","Stade_I",69,"male","PTC","RAS"
"TCGA-DJ-A2PP","ID=TCGA-DJ-A2PP_AGE=47ANS_SEX=male_STAGE=Stade_II_MUT=RAS_TYPE=PTC","Stade_II",47,"male","PTC","RAS"
"TCGA-EL-A4K0","ID=TCGA-EL-A4K0_AGE=54ANS_SEX=female_STAGE=Stade_I_MUT=BRAF_TYPE=PTC","Stade_I",54,"female","PTC","BRAF"
"TCGA-DJ-A13T","ID=TCGA-DJ-A13T_AGE=37ANS_SEX=female_STAGE=Stade_I_MUT=BRAF_TYPE=PTC","Stade_I",37,"female","PTC","BRAF"
"TCGA-KS-A41J","ID=TCGA-KS-A41J_AGE=28ANS_SEX=female_STAGE=Stade_I_MUT=BRAF_TYPE=PTC","Stade_I",28,"female","PTC","BRAF"
"TCGA-ET-A2N0","ID=TCGA-ET-A2N0_AGE=51ANS_SEX=female_STAGE=Stade_III_MUT=BRAF_TYPE=PTC","Stade_III",51,"female","PTC","BRAF"
"TCGA-H2-A2K9","ID=TCGA-H2-A2K9_AGE=25ANS_SEX=male_STAGE=Stade_I_MUT=RAS_TYPE=PTC","Stade_I",25,"male","PTC","RAS"
"TCGA-EM-A1CT","ID=TCGA-EM-A1CT_AGE=76ANS_SEX=male_STAGE=Stade_IV_MUT=BRAF_TYPE=PTC","Stade_IV",76,"male","PTC","BRAF"
"TCGA-EL-A3CN","ID=TCGA-EL-A3CN_AGE=47ANS_SEX=female_STAGE=Stade_II_MUT=BRAF_TYPE=PTC","Stade_II",47,"female","PTC","BRAF"
"TCGA-BJ-A0ZA","ID=TCGA-BJ-A0ZA_AGE=67ANS_SEX=female_STAGE=Stade_II_MUT=NO_CANONICAL_DRIVER_TYPE=PTC","Stade_II",67,"female","PTC","NO_CANONICAL_DRIVER"
"TCGA-KS-A41L","ID=TCGA-KS-A41L_AGE=39ANS_SEX=female_STAGE=Stade_I_MUT=NO_CANONICAL_DRIVER_TYPE=PTC","Stade_I",39,"female","PTC","NO_CANONICAL_DRIVER"
"TCGA-E8-A433","ID=TCGA-E8-A433_AGE=25ANS_SEX=female_STAGE=Stade_I_MUT=BRAF_TYPE=PTC","Stade_I",25,"female","PTC","BRAF"
"TCGA-E8-A242","ID=TCGA-E8-A242_AGE=56ANS_SEX=female_STAGE=Stade_III_MUT=BRAF_TYPE=PTC","Stade_III",56,"female","PTC","BRAF"
"TCGA-EL-A4JW","ID=TCGA-EL-A4JW_AGE=38ANS_SEX=female_STAGE=Stade_I_MUT=BRAF_TYPE=PTC","Stade_I",38,"female","PTC","BRAF"
"TCGA-KS-A4I9","ID=TCGA-KS-A4I9_AGE=46ANS_SEX=female_STAGE=Stade_I_MUT=BRAF_TYPE=PTC","Stade_I",46,"female","PTC","BRAF"
"TCGA-BJ-A28R","ID=TCGA-BJ-A28R_AGE=38ANS_SEX=female_STAGE=Stade_I_MUT=BRAF_TYPE=PTC","Stade_I",38,"female","PTC","BRAF"
"TCGA-BJ-A28S","ID=TCGA-BJ-A28S_AGE=79ANS_SEX=male_STAGE=Stade_II_MUT=NO_CANONICAL_DRIVER_TYPE=PTC","Stade_II",79,"male","PTC","NO_CANONICAL_DRIVER"
"TCGA-FY-A4B4","ID=TCGA-FY-A4B4_AGE=62ANS_SEX=female_STAGE=Stade_III_MUT=NO_CANONICAL_DRIVER_TYPE=PTC","Stade_III",62,"female","PTC","NO_CANONICAL_DRIVER"
"TCGA-BJ-A45J","ID=TCGA-BJ-A45J_AGE=39ANS_SEX=female_STAGE=Stade_I_MUT=BRAF_TYPE=PTC","Stade_I",39,"female","PTC","BRAF"
"TCGA-BJ-A28Z","ID=TCGA-BJ-A28Z_AGE=46ANS_SEX=female_STAGE=Stade_III_MUT=NO_CANONICAL_DRIVER_TYPE=PTC","Stade_III",46,"female","PTC","NO_CANONICAL_DRIVER"
"TCGA-EM-A3AR","ID=TCGA-EM-A3AR_AGE=41ANS_SEX=male_STAGE=Stade_I_MUT=BRAF_TYPE=PTC","Stade_I",41,"male","PTC","BRAF"
"TCGA-DJ-A3US","ID=TCGA-DJ-A3US_AGE=37ANS_SEX=female_STAGE=Stade_I_MUT=NO_CANONICAL_DRIVER_TYPE=PTC","Stade_I",37,"female","PTC","NO_CANONICAL_DRIVER"
"TCGA-BJ-A2N8","ID=TCGA-BJ-A2N8_AGE=30ANS_SEX=female_STAGE=Stade_I_MUT=RAS_TYPE=PTC","Stade_I",30,"female","PTC","RAS"
"TCGA-FE-A231","ID=TCGA-FE-A231_AGE=70ANS_SEX=male_STAGE=Stade_IV_MUT=BRAF_TYPE=PTC","Stade_IV",70,"male","PTC","BRAF"
"TCGA-DE-A2OL","ID=TCGA-DE-A2OL_AGE=44ANS_SEX=female_STAGE=Stade_I_MUT=NO_CANONICAL_DRIVER_TYPE=PTC","Stade_I",44,"female","PTC","NO_CANONICAL_DRIVER"
"TCGA-EM-A1CV","ID=TCGA-EM-A1CV_AGE=32ANS_SEX=female_STAGE=Stade_I_MUT=BRAF_TYPE=PTC","Stade_I",32,"female","PTC","BRAF"
"TCGA-DJ-A13O","ID=TCGA-DJ-A13O_AGE=56ANS_SEX=male_STAGE=Stade_I_MUT=BRAF_TYPE=PTC","Stade_I",56,"male","PTC","BRAF"
"TCGA-EL-A3MY","ID=TCGA-EL-A3MY_AGE=81ANS_SEX=male_STAGE=Stade_IV_MUT=BRAF_TYPE=PTC","Stade_IV",81,"male","PTC","BRAF"
"TCGA-BJ-A45H","ID=TCGA-BJ-A45H_AGE=45ANS_SEX=male_STAGE=Stade_III_MUT=NO_CANONICAL_DRIVER_TYPE=PTC","Stade_III",45,"male","PTC","NO_CANONICAL_DRIVER"
"TCGA-DJ-A3V2","ID=TCGA-DJ-A3V2_AGE=44ANS_SEX=female_STAGE=Stade_I_MUT=NO_CANONICAL_DRIVER_TYPE=PTC","Stade_I",44,"female","PTC","NO_CANONICAL_DRIVER"
"TCGA-FK-A3S3","ID=TCGA-FK-A3S3_AGE=43ANS_SEX=female_STAGE=Stade_I_MUT=NO_CANONICAL_DRIVER_TYPE=PTC","Stade_I",43,"female","PTC","NO_CANONICAL_DRIVER"
"TCGA-ET-A39T","ID=TCGA-ET-A39T_AGE=55ANS_SEX=female_STAGE=Stade_III_MUT=BRAF_TYPE=PTC","Stade_III",55,"female","PTC","BRAF"
"TCGA-DJ-A2Q7","ID=TCGA-DJ-A2Q7_AGE=52ANS_SEX=female_STAGE=Stade_III_MUT=BRAF_TYPE=PTC","Stade_III",52,"female","PTC","BRAF"
"TCGA-DE-A69K","ID=TCGA-DE-A69K_AGE=58ANS_SEX=female_STAGE=Stade_III_MUT=NO_CANONICAL_DRIVER_TYPE=PTC","Stade_III",58,"female","PTC","NO_CANONICAL_DRIVER"
"TCGA-ET-A25M","ID=TCGA-ET-A25M_AGE=33ANS_SEX=male_STAGE=Stade_I_MUT=NO_CANONICAL_DRIVER_TYPE=PTC","Stade_I",33,"male","PTC","NO_CANONICAL_DRIVER"
"TCGA-DJ-A4V5","ID=TCGA-DJ-A4V5_AGE=55ANS_SEX=male_STAGE=Stade_IV_MUT=NO_CANONICAL_DRIVER_TYPE=PTC","Stade_IV",55,"male","PTC","NO_CANONICAL_DRIVER"
"TCGA-DE-A4M9","ID=TCGA-DE-A4M9_AGE=28ANS_SEX=male_STAGE=Stade_I_MUT=NO_CANONICAL_DRIVER_TYPE=PTC","Stade_I",28,"male","PTC","NO_CANONICAL_DRIVER"
"TCGA-BJ-A0Z9","ID=TCGA-BJ-A0Z9_AGE=57ANS_SEX=female_STAGE=Stade_III_MUT=BRAF_TYPE=PTC","Stade_III",57,"female","PTC","BRAF"
"TCGA-ET-A39N","ID=TCGA-ET-A39N_AGE=35ANS_SEX=female_STAGE=Stade_I_MUT=NO_CANONICAL_DRIVER_TYPE=PTC","Stade_I",35,"female","PTC","NO_CANONICAL_DRIVER"
"TCGA-BJ-A0ZH","ID=TCGA-BJ-A0ZH_AGE=52ANS_SEX=female_STAGE=Stade_IV_MUT=BRAF_TYPE=PTC","Stade_IV",52,"female","PTC","BRAF"
"TCGA-E8-A416","ID=TCGA-E8-A416_AGE=51ANS_SEX=female_STAGE=Stade_I_MUT=NO_CANONICAL_DRIVER_TYPE=PTC","Stade_I",51,"female","PTC","NO_CANONICAL_DRIVER"
"TCGA-KS-A4ID","ID=TCGA-KS-A4ID_AGE=55ANS_SEX=female_STAGE=Stade_I_MUT=NO_CANONICAL_DRIVER_TYPE=PTC","Stade_I",55,"female","PTC","NO_CANONICAL_DRIVER"
"TCGA-DJ-A13U","ID=TCGA-DJ-A13U_AGE=60ANS_SEX=male_STAGE=Stade_III_MUT=BRAF_TYPE=PTC","Stade_III",60,"male","PTC","BRAF"
"TCGA-EL-A3T2","ID=TCGA-EL-A3T2_AGE=55ANS_SEX=female_STAGE=Stage_NA_MUT=RAS_TYPE=PTC","Stage_NA",55,"female","PTC","RAS"
"TCGA-FY-A40K","ID=TCGA-FY-A40K_AGE=46ANS_SEX=female_STAGE=Stade_I_MUT=BRAF_TYPE=PTC","Stade_I",46,"female","PTC","BRAF"
"TCGA-DE-A4MA","ID=TCGA-DE-A4MA_AGE=52ANS_SEX=female_STAGE=Stade_III_MUT=NO_CANONICAL_DRIVER_TYPE=PTC","Stade_III",52,"female","PTC","NO_CANONICAL_DRIVER"
"TCGA-DJ-A2Q0","ID=TCGA-DJ-A2Q0_AGE=57ANS_SEX=female_STAGE=Stade_II_MUT=NO_CANONICAL_DRIVER_TYPE=PTC","Stade_II",57,"female","PTC","NO_CANONICAL_DRIVER"
"TCGA-EL-A3T6","ID=TCGA-EL-A3T6_AGE=34ANS_SEX=female_STAGE=Stade_I_MUT=BRAF_TYPE=PTC","Stade_I",34,"female","PTC","BRAF"
"TCGA-KS-A41F","ID=TCGA-KS-A41F_AGE=37ANS_SEX=female_STAGE=Stade_I_MUT=NO_CANONICAL_DRIVER_TYPE=PTC","Stade_I",37,"female","PTC","NO_CANONICAL_DRIVER"
"TCGA-EL-A3T8","ID=TCGA-EL-A3T8_AGE=36ANS_SEX=male_STAGE=Stade_I_MUT=BRAF_TYPE=PTC","Stade_I",36,"male","PTC","BRAF"
"TCGA-EM-A3O8","ID=TCGA-EM-A3O8_AGE=33ANS_SEX=female_STAGE=Stade_I_MUT=BRAF_TYPE=PTC","Stade_I",33,"female","PTC","BRAF"
"TCGA-L6-A4EP","ID=TCGA-L6-A4EP_AGE=41ANS_SEX=female_STAGE=Stade_I_MUT=BRAF_TYPE=PTC","Stade_I",41,"female","PTC","BRAF"
"TCGA-J8-A3YG","ID=TCGA-J8-A3YG_AGE=54ANS_SEX=female_STAGE=Stade_III_MUT=NO_CANONICAL_DRIVER_TYPE=PTC","Stade_III",54,"female","PTC","NO_CANONICAL_DRIVER"
"TCGA-DE-A69J","ID=TCGA-DE-A69J_AGE=34ANS_SEX=female_STAGE=Stade_I_MUT=NO_CANONICAL_DRIVER_TYPE=PTC","Stade_I",34,"female","PTC","NO_CANONICAL_DRIVER"
"TCGA-E8-A419","ID=TCGA-E8-A419_AGE=30ANS_SEX=female_STAGE=Stade_I_MUT=BRAF_TYPE=PTC","Stade_I",30,"female","PTC","BRAF"
"TCGA-DJ-A2Q2","ID=TCGA-DJ-A2Q2_AGE=57ANS_SEX=female_STAGE=Stade_III_MUT=NO_CANONICAL_DRIVER_TYPE=PTC","Stade_III",57,"female","PTC","NO_CANONICAL_DRIVER"
"TCGA-BJ-A0ZG","ID=TCGA-BJ-A0ZG_AGE=80ANS_SEX=male_STAGE=Stade_I_MUT=EIF1AX_TYPE=PTC","Stade_I",80,"male","PTC","EIF1AX"
"TCGA-EM-A2OW","ID=TCGA-EM-A2OW_AGE=37ANS_SEX=female_STAGE=Stade_I_MUT=NO_CANONICAL_DRIVER_TYPE=PTC","Stade_I",37,"female","PTC","NO_CANONICAL_DRIVER"
"TCGA-BJ-A3F0","ID=TCGA-BJ-A3F0_AGE=64ANS_SEX=female_STAGE=Stade_I_MUT=NO_CANONICAL_DRIVER_TYPE=PTC","Stade_I",64,"female","PTC","NO_CANONICAL_DRIVER"
"TCGA-EL-A3CY","ID=TCGA-EL-A3CY_AGE=28ANS_SEX=male_STAGE=Stage_NA_MUT=NO_CANONICAL_DRIVER_TYPE=PTC","Stage_NA",28,"male","PTC","NO_CANONICAL_DRIVER"
"TCGA-EM-A3AQ","ID=TCGA-EM-A3AQ_AGE=85ANS_SEX=female_STAGE=Stade_I_MUT=NO_CANONICAL_DRIVER_TYPE=PTC","Stade_I",85,"female","PTC","NO_CANONICAL_DRIVER"
"TCGA-J8-A3NZ","ID=TCGA-J8-A3NZ_AGE=52ANS_SEX=female_STAGE=Stade_III_MUT=BRAF_TYPE=PTC","Stade_III",52,"female","PTC","BRAF"
"TCGA-J8-A3YF","ID=TCGA-J8-A3YF_AGE=83ANS_SEX=male_STAGE=Stade_III_MUT=NO_CANONICAL_DRIVER_TYPE=PTC","Stade_III",83,"male","PTC","NO_CANONICAL_DRIVER"
"TCGA-ET-A25I","ID=TCGA-ET-A25I_AGE=37ANS_SEX=female_STAGE=Stade_I_MUT=RAS_TYPE=PTC","Stade_I",37,"female","PTC","RAS"
"TCGA-DJ-A3VI","ID=TCGA-DJ-A3VI_AGE=52ANS_SEX=female_STAGE=Stade_III_MUT=NO_CANONICAL_DRIVER_TYPE=PTC","Stade_III",52,"female","PTC","NO_CANONICAL_DRIVER"
"TCGA-CE-A3MD","ID=TCGA-CE-A3MD_AGE=31ANS_SEX=male_STAGE=Stade_I_MUT=NO_CANONICAL_DRIVER_TYPE=PTC","Stade_I",31,"male","PTC","NO_CANONICAL_DRIVER"
"TCGA-DJ-A2Q5","ID=TCGA-DJ-A2Q5_AGE=51ANS_SEX=male_STAGE=Stade_IV_MUT=BRAF_TYPE=PTC","Stade_IV",51,"male","PTC","BRAF"
"TCGA-EM-A22P","ID=TCGA-EM-A22P_AGE=64ANS_SEX=male_STAGE=Stade_IV_MUT=BRAF_TYPE=PTC","Stade_IV",64,"male","PTC","BRAF"
"TCGA-EL-A4KI","ID=TCGA-EL-A4KI_AGE=63ANS_SEX=male_STAGE=Stade_III_MUT=RAS_TYPE=PTC","Stade_III",63,"male","PTC","RAS"
"TCGA-EL-A3ZN","ID=TCGA-EL-A3ZN_AGE=28ANS_SEX=female_STAGE=Stade_I_MUT=NO_CANONICAL_DRIVER_TYPE=PTC","Stade_I",28,"female","PTC","NO_CANONICAL_DRIVER"
"TCGA-DJ-A1QN","ID=TCGA-DJ-A1QN_AGE=42ANS_SEX=female_STAGE=Stade_I_MUT=BRAF_TYPE=PTC","Stade_I",42,"female","PTC","BRAF"
"TCGA-BJ-A2N9","ID=TCGA-BJ-A2N9_AGE=42ANS_SEX=female_STAGE=Stade_I_MUT=NO_CANONICAL_DRIVER_TYPE=PTC","Stade_I",42,"female","PTC","NO_CANONICAL_DRIVER"
"TCGA-DE-A7U5","ID=TCGA-DE-A7U5_AGE=36ANS_SEX=female_STAGE=Stade_I_MUT=NO_CANONICAL_DRIVER_TYPE=PTC","Stade_I",36,"female","PTC","NO_CANONICAL_DRIVER"
"TCGA-EL-A3D6","ID=TCGA-EL-A3D6_AGE=51ANS_SEX=female_STAGE=Stade_III_MUT=BRAF_TYPE=PTC","Stade_III",51,"female","PTC","BRAF"
"TCGA-E8-A414","ID=TCGA-E8-A414_AGE=45ANS_SEX=female_STAGE=Stade_III_MUT=NO_CANONICAL_DRIVER_TYPE=PTC","Stade_III",45,"female","PTC","NO_CANONICAL_DRIVER"
"TCGA-DJ-A4UP","ID=TCGA-DJ-A4UP_AGE=15ANS_SEX=female_STAGE=Stade_I_MUT=NO_CANONICAL_DRIVER_TYPE=PTC","Stade_I",15,"female","PTC","NO_CANONICAL_DRIVER"
"TCGA-EL-A3CM","ID=TCGA-EL-A3CM_AGE=64ANS_SEX=female_STAGE=Stade_III_MUT=BRAF_TYPE=PTC","Stade_III",64,"female","PTC","BRAF"
"TCGA-BJ-A3PT","ID=TCGA-BJ-A3PT_AGE=51ANS_SEX=female_STAGE=Stade_III_MUT=RAS_TYPE=PTC","Stade_III",51,"female","PTC","RAS"
"TCGA-ET-A3BW","ID=TCGA-ET-A3BW_AGE=30ANS_SEX=female_STAGE=Stade_I_MUT=BRAF_TYPE=PTC","Stade_I",30,"female","PTC","BRAF"
"TCGA-EL-A3GZ","ID=TCGA-EL-A3GZ_AGE=34ANS_SEX=female_STAGE=Stade_I_MUT=BRAF_TYPE=PTC","Stade_I",34,"female","PTC","BRAF"
"TCGA-E8-A44M","ID=TCGA-E8-A44M_AGE=23ANS_SEX=female_STAGE=Stade_I_MUT=NO_CANONICAL_DRIVER_TYPE=PTC","Stade_I",23,"female","PTC","NO_CANONICAL_DRIVER"
"TCGA-DJ-A3V9","ID=TCGA-DJ-A3V9_AGE=50ANS_SEX=female_STAGE=Stade_IV_MUT=NO_CANONICAL_DRIVER_TYPE=PTC","Stade_IV",50,"female","PTC","NO_CANONICAL_DRIVER"
"TCGA-DJ-A13X","ID=TCGA-DJ-A13X_AGE=51ANS_SEX=female_STAGE=Stade_III_MUT=BRAF_TYPE=PTC","Stade_III",51,"female","PTC","BRAF"
"TCGA-EM-A3O6","ID=TCGA-EM-A3O6_AGE=54ANS_SEX=female_STAGE=Stade_II_MUT=NO_CANONICAL_DRIVER_TYPE=PTC","Stade_II",54,"female","PTC","NO_CANONICAL_DRIVER"
"TCGA-EM-A4FH","ID=TCGA-EM-A4FH_AGE=69ANS_SEX=male_STAGE=Stade_III_MUT=NO_CANONICAL_DRIVER_TYPE=PTC","Stade_III",69,"male","PTC","NO_CANONICAL_DRIVER"
"TCGA-ET-A3DW","ID=TCGA-ET-A3DW_AGE=64ANS_SEX=male_STAGE=Stade_III_MUT=BRAF_TYPE=PTC","Stade_III",64,"male","PTC","BRAF"
"TCGA-ET-A39P","ID=TCGA-ET-A39P_AGE=73ANS_SEX=female_STAGE=Stade_III_MUT=BRAF_TYPE=PTC","Stade_III",73,"female","PTC","BRAF"
"TCGA-BJ-A3PU","ID=TCGA-BJ-A3PU_AGE=52ANS_SEX=male_STAGE=Stage_NA_MUT=BRAF_TYPE=PTC","Stage_NA",52,"male","PTC","BRAF"
"TCGA-EM-A2CN","ID=TCGA-EM-A2CN_AGE=62ANS_SEX=male_STAGE=Stade_IV_MUT=RAS_TYPE=PTC","Stade_IV",62,"male","PTC","RAS"
"TCGA-FY-A40N","ID=TCGA-FY-A40N_AGE=55ANS_SEX=female_STAGE=Stade_I_MUT=NO_CANONICAL_DRIVER_TYPE=PTC","Stade_I",55,"female","PTC","NO_CANONICAL_DRIVER"
"TCGA-ET-A3BU","ID=TCGA-ET-A3BU_AGE=28ANS_SEX=male_STAGE=Stade_I_MUT=BRAF_TYPE=PTC","Stade_I",28,"male","PTC","BRAF"
"TCGA-KS-A4IC","ID=TCGA-KS-A4IC_AGE=45ANS_SEX=female_STAGE=Stade_III_MUT=NO_CANONICAL_DRIVER_TYPE=PTC","Stade_III",45,"female","PTC","NO_CANONICAL_DRIVER"
"TCGA-J8-A3YD","ID=TCGA-J8-A3YD_AGE=47ANS_SEX=female_STAGE=Stade_III_MUT=NO_CANONICAL_DRIVER_TYPE=PTC","Stade_III",47,"female","PTC","NO_CANONICAL_DRIVER"
"TCGA-EM-A4FQ","ID=TCGA-EM-A4FQ_AGE=42ANS_SEX=female_STAGE=Stade_I_MUT=BRAF_TYPE=PTC","Stade_I",42,"female","PTC","BRAF"
"TCGA-FY-A3WA","ID=TCGA-FY-A3WA_AGE=52ANS_SEX=female_STAGE=Stade_I_MUT=NO_CANONICAL_DRIVER_TYPE=PTC","Stade_I",52,"female","PTC","NO_CANONICAL_DRIVER"
"TCGA-ET-A2MX","ID=TCGA-ET-A2MX_AGE=27ANS_SEX=male_STAGE=Stade_I_MUT=NO_CANONICAL_DRIVER_TYPE=PTC","Stade_I",27,"male","PTC","NO_CANONICAL_DRIVER"
"TCGA-FY-A3I5","ID=TCGA-FY-A3I5_AGE=64ANS_SEX=female_STAGE=Stade_III_MUT=NO_CANONICAL_DRIVER_TYPE=PTC","Stade_III",64,"female","PTC","NO_CANONICAL_DRIVER"
"TCGA-EM-A2OV","ID=TCGA-EM-A2OV_AGE=64ANS_SEX=female_STAGE=Stade_II_MUT=NO_CANONICAL_DRIVER_TYPE=PTC","Stade_II",64,"female","PTC","NO_CANONICAL_DRIVER"
"TCGA-E3-A3E3","ID=TCGA-E3-A3E3_AGE=49ANS_SEX=female_STAGE=Stage_NA_MUT=BRAF_TYPE=PTC","Stage_NA",49,"female","PTC","BRAF"
"TCGA-ET-A3BQ","ID=TCGA-ET-A3BQ_AGE=27ANS_SEX=female_STAGE=Stade_I_MUT=BRAF_TYPE=PTC","Stade_I",27,"female","PTC","BRAF"
"TCGA-J8-A3O0","ID=TCGA-J8-A3O0_AGE=38ANS_SEX=male_STAGE=Stade_I_MUT=RAS_TYPE=PTC","Stade_I",38,"male","PTC","RAS"
"TCGA-EL-A3CL","ID=TCGA-EL-A3CL_AGE=70ANS_SEX=female_STAGE=Stade_II_MUT=BRAF_TYPE=PTC","Stade_II",70,"female","PTC","BRAF"
"TCGA-EL-A3T3","ID=TCGA-EL-A3T3_AGE=63ANS_SEX=male_STAGE=Stade_II_MUT=BRAF_TYPE=PTC","Stade_II",63,"male","PTC","BRAF"
"TCGA-ET-A25J","ID=TCGA-ET-A25J_AGE=40ANS_SEX=female_STAGE=Stade_I_MUT=BRAF_TYPE=PTC","Stade_I",40,"female","PTC","BRAF"
"TCGA-EL-A3ZT","ID=TCGA-EL-A3ZT_AGE=35ANS_SEX=male_STAGE=Stade_I_MUT=BRAF_TYPE=PTC","Stade_I",35,"male","PTC","BRAF"
"TCGA-EM-A3AI","ID=TCGA-EM-A3AI_AGE=67ANS_SEX=female_STAGE=Stade_II_MUT=NO_CANONICAL_DRIVER_TYPE=PTC","Stade_II",67,"female","PTC","NO_CANONICAL_DRIVER"
"TCGA-EM-A22O","ID=TCGA-EM-A22O_AGE=75ANS_SEX=male_STAGE=Stade_IV_MUT=BRAF_TYPE=PTC","Stade_IV",75,"male","PTC","BRAF"
"TCGA-ET-A40Q","ID=TCGA-ET-A40Q_AGE=38ANS_SEX=male_STAGE=Stage_NA_MUT=NO_CANONICAL_DRIVER_TYPE=PTC","Stage_NA",38,"male","PTC","NO_CANONICAL_DRIVER"
"TCGA-FY-A4B0","ID=TCGA-FY-A4B0_AGE=76ANS_SEX=male_STAGE=Stade_I_MUT=NO_CANONICAL_DRIVER_TYPE=PTC","Stade_I",76,"male","PTC","NO_CANONICAL_DRIVER"
"TCGA-ET-A39K","ID=TCGA-ET-A39K_AGE=48ANS_SEX=female_STAGE=Stade_III_MUT=BRAF_TYPE=PTC","Stade_III",48,"female","PTC","BRAF"
"TCGA-EM-A2CQ","ID=TCGA-EM-A2CQ_AGE=40ANS_SEX=female_STAGE=Stade_I_MUT=RAS_TYPE=PTC","Stade_I",40,"female","PTC","RAS"
"TCGA-EM-A2CS","ID=TCGA-EM-A2CS_AGE=51ANS_SEX=female_STAGE=Stade_IV_MUT=NO_CANONICAL_DRIVER_TYPE=PTC","Stade_IV",51,"female","PTC","NO_CANONICAL_DRIVER"
"TCGA-FY-A40M","ID=TCGA-FY-A40M_AGE=51ANS_SEX=female_STAGE=Stade_I_MUT=NO_CANONICAL_DRIVER_TYPE=PTC","Stade_I",51,"female","PTC","NO_CANONICAL_DRIVER"
"TCGA-ET-A4KN","ID=TCGA-ET-A4KN_AGE=51ANS_SEX=female_STAGE=Stade_III_MUT=NO_CANONICAL_DRIVER_TYPE=PTC","Stade_III",51,"female","PTC","NO_CANONICAL_DRIVER"
"TCGA-KS-A41I","ID=TCGA-KS-A41I_AGE=47ANS_SEX=female_STAGE=Stade_I_MUT=NO_CANONICAL_DRIVER_TYPE=PTC","Stade_I",47,"female","PTC","NO_CANONICAL_DRIVER"
"TCGA-DJ-A4UL","ID=TCGA-DJ-A4UL_AGE=68ANS_SEX=female_STAGE=Stade_I_MUT=BRAF_TYPE=PTC","Stade_I",68,"female","PTC","BRAF"
"TCGA-ET-A40P","ID=TCGA-ET-A40P_AGE=32ANS_SEX=female_STAGE=Stade_I_MUT=NO_CANONICAL_DRIVER_TYPE=PTC","Stade_I",32,"female","PTC","NO_CANONICAL_DRIVER"
"TCGA-DJ-A3V5","ID=TCGA-DJ-A3V5_AGE=76ANS_SEX=female_STAGE=Stade_III_MUT=NO_CANONICAL_DRIVER_TYPE=PTC","Stade_III",76,"female","PTC","NO_CANONICAL_DRIVER"
"TCGA-FE-A22Z","ID=TCGA-FE-A22Z_AGE=61ANS_SEX=female_STAGE=Stage_NA_MUT=BRAF_TYPE=PTC","Stage_NA",61,"female","PTC","BRAF"
"TCGA-FE-A237","ID=TCGA-FE-A237_AGE=19ANS_SEX=female_STAGE=Stage_NA_MUT=BRAF_TYPE=PTC","Stage_NA",19,"female","PTC","BRAF"
"TCGA-FK-A3SG","ID=TCGA-FK-A3SG_AGE=21ANS_SEX=female_STAGE=Stade_I_MUT=NO_CANONICAL_DRIVER_TYPE=PTC","Stade_I",21,"female","PTC","NO_CANONICAL_DRIVER"
"TCGA-GE-A2C6","ID=TCGA-GE-A2C6_AGE=33ANS_SEX=female_STAGE=Stade_I_MUT=BRAF_TYPE=PTC","Stade_I",33,"female","PTC","BRAF"
"TCGA-EM-A22Q","ID=TCGA-EM-A22Q_AGE=36ANS_SEX=male_STAGE=Stade_I_MUT=RAS_TYPE=PTC","Stade_I",36,"male","PTC","RAS"
"TCGA-FY-A3W9","ID=TCGA-FY-A3W9_AGE=66ANS_SEX=female_STAGE=Stade_II_MUT=RAS_TYPE=PTC","Stade_II",66,"female","PTC","RAS"
"TCGA-DE-A4MC","ID=TCGA-DE-A4MC_AGE=43ANS_SEX=female_STAGE=Stage_NA_MUT=NO_CANONICAL_DRIVER_TYPE=PTC","Stage_NA",43,"female","PTC","NO_CANONICAL_DRIVER"
"TCGA-EL-A4K9","ID=TCGA-EL-A4K9_AGE=68ANS_SEX=male_STAGE=Stade_II_MUT=NO_CANONICAL_DRIVER_TYPE=PTC","Stade_II",68,"male","PTC","NO_CANONICAL_DRIVER"
"TCGA-FK-A3SB","ID=TCGA-FK-A3SB_AGE=28ANS_SEX=female_STAGE=Stade_I_MUT=BRAF_TYPE=PTC","Stade_I",28,"female","PTC","BRAF"
"TCGA-H2-A422","ID=TCGA-H2-A422_AGE=40ANS_SEX=female_STAGE=Stade_I_MUT=NO_CANONICAL_DRIVER_TYPE=PTC","Stade_I",40,"female","PTC","NO_CANONICAL_DRIVER"
"TCGA-EM-A3FM","ID=TCGA-EM-A3FM_AGE=57ANS_SEX=male_STAGE=Stade_IV_MUT=BRAF_TYPE=PTC","Stade_IV",57,"male","PTC","BRAF"
"TCGA-DJ-A13S","ID=TCGA-DJ-A13S_AGE=19ANS_SEX=female_STAGE=Stade_I_MUT=RAS_TYPE=PTC","Stade_I",19,"female","PTC","RAS"
"TCGA-EM-A3SY","ID=TCGA-EM-A3SY_AGE=36ANS_SEX=male_STAGE=Stade_I_MUT=NO_CANONICAL_DRIVER_TYPE=PTC","Stade_I",36,"male","PTC","NO_CANONICAL_DRIVER"
"TCGA-EM-A2P1","ID=TCGA-EM-A2P1_AGE=33ANS_SEX=male_STAGE=Stage_NA_MUT=BRAF_TYPE=PTC","Stage_NA",33,"male","PTC","BRAF"
"TCGA-EL-A3T1","ID=TCGA-EL-A3T1_AGE=38ANS_SEX=female_STAGE=Stade_I_MUT=BRAF_TYPE=PTC","Stade_I",38,"female","PTC","BRAF"
"TCGA-DJ-A2PS","ID=TCGA-DJ-A2PS_AGE=40ANS_SEX=female_STAGE=Stade_I_MUT=BRAF_TYPE=PTC","Stade_I",40,"female","PTC","BRAF"
"TCGA-EL-A3TB","ID=TCGA-EL-A3TB_AGE=47ANS_SEX=female_STAGE=Stade_III_MUT=NO_CANONICAL_DRIVER_TYPE=PTC","Stade_III",47,"female","PTC","NO_CANONICAL_DRIVER"
"TCGA-BJ-A45C","ID=TCGA-BJ-A45C_AGE=78ANS_SEX=male_STAGE=Stade_III_MUT=NO_CANONICAL_DRIVER_TYPE=PTC","Stade_III",78,"male","PTC","NO_CANONICAL_DRIVER"
"TCGA-DJ-A3UX","ID=TCGA-DJ-A3UX_AGE=46ANS_SEX=female_STAGE=Stade_I_MUT=BRAF_TYPE=PTC","Stade_I",46,"female","PTC","BRAF"
"TCGA-DJ-A2PX","ID=TCGA-DJ-A2PX_AGE=54ANS_SEX=female_STAGE=Stade_I_MUT=NO_CANONICAL_DRIVER_TYPE=PTC","Stade_I",54,"female","PTC","NO_CANONICAL_DRIVER"
"TCGA-EL-A3ZS","ID=TCGA-EL-A3ZS_AGE=22ANS_SEX=female_STAGE=Stade_I_MUT=NO_CANONICAL_DRIVER_TYPE=PTC","Stade_I",22,"female","PTC","NO_CANONICAL_DRIVER"
